Order,Family,Species,Asymmetry,Ellipticity,AvgLength_,Images_Number,Eggs_number
ACCIPITRIFORMES,Accipitridae,Accipiter.badius,0.1378,0.3435,3.8642,1,2
ACCIPITRIFORMES,Accipitridae,Accipiter_cooperii,0.0937,0.2715,4.9008,27,103
ACCIPITRIFORMES,Accipitridae,Accipiter_gentilis,0.1114,0.3186,5.9863,7,18
ACCIPITRIFORMES,Accipitridae,Accipiter_nisus,0.0808,0.2391,4.0355,13,61
ACCIPITRIFORMES,Accipitridae,Accipiter_striatus,0.0749,0.2543,3.8700,15,57
ACCIPITRIFORMES,Accipitridae,Aegypius_monachus,0.0700,0.3476,8.9076,1,1
ACCIPITRIFORMES,Accipitridae,Aquila_chrysaetos,0.1192,0.3058,7.7318,191,391
ACCIPITRIFORMES,Accipitridae,Aquila_rapax,0.1250,0.3518,6.8420,1,2
ACCIPITRIFORMES,Accipitridae,Buteo_albicaudatus,0.0818,0.2840,5.8095,7,17
ACCIPITRIFORMES,Accipitridae,Buteo_brachyurus,0.1396,0.2371,5.5972,2,4
ACCIPITRIFORMES,Accipitridae,Buteo_buteo,0.0704,0.2610,5.6364,5,12
ACCIPITRIFORMES,Accipitridae,Buteo_jamaicensis,0.0844,0.2802,6.0986,130,345
ACCIPITRIFORMES,Accipitridae,Buteo_lagopus,0.0988,0.2700,5.7285,6,21
ACCIPITRIFORMES,Accipitridae,Buteo_lineatus,0.0906,0.2677,5.5412,72,219
ACCIPITRIFORMES,Accipitridae,Buteo_nitidus,0.0761,0.2625,5.3464,3,6
ACCIPITRIFORMES,Accipitridae,Buteo_platypterus,0.1045,0.2498,5.1368,6,18
ACCIPITRIFORMES,Accipitridae,Buteo_regalis,0.1035,0.2849,6.3294,15,56
ACCIPITRIFORMES,Accipitridae,Buteo_swainsoni,0.0972,0.2998,5.7525,27,69
ACCIPITRIFORMES,Accipitridae,Buteogallus_anthracinus,0.0845,0.2709,5.8357,4,8
ACCIPITRIFORMES,Accipitridae,Circus_cyaneus,0.1078,0.2998,4.6828,19,78
ACCIPITRIFORMES,Accipitridae,Elanoides_forficatus,0.1067,0.2538,4.6316,3,6
ACCIPITRIFORMES,Accipitridae,Elanus_leucurus,0.1048,0.3294,4.4136,62,232
ACCIPITRIFORMES,Accipitridae,Gyps_fulvus,0.1322,0.3838,10.1228,1,2
ACCIPITRIFORMES,Accipitridae,Haliaeetus_albicilla,0.1349,0.2862,7.8854,3,4
ACCIPITRIFORMES,Accipitridae,Haliaeetus_leucocephalus,0.1076,0.3081,7.6610,18,38
ACCIPITRIFORMES,Accipitridae,Haliaeetus_leucogaster,0.0601,0.2223,6.5452,1,1
ACCIPITRIFORMES,Accipitridae,Haliaeetus_leucoryphus,0.1196,0.3080,7.4891,1,2
ACCIPITRIFORMES,Accipitridae,Haliastur_indus,0.0863,0.3236,5.5699,1,2
ACCIPITRIFORMES,Accipitridae,Hieraaetus_pennatus,0.1260,0.2847,5.9398,1,2
ACCIPITRIFORMES,Accipitridae,Ichthyophaga_ichthyaetus,0.1269,0.2672,6.3603,1,2
ACCIPITRIFORMES,Accipitridae,Ictinia_mississippiensis,0.0899,0.2291,4.1195,7,13
ACCIPITRIFORMES,Accipitridae,Milvus_migrans,0.1145,0.3064,5.6094,3,7
ACCIPITRIFORMES,Accipitridae,Neophron_percnopterus,0.0728,0.3321,7.0769,2,4
ACCIPITRIFORMES,Accipitridae,Parabuteo_unicinctus,0.1021,0.2992,5.5155,10,34
ACCIPITRIFORMES,Accipitridae,Rostrhamus_sociabilis,0.0647,0.2521,4.5113,2,6
ACCIPITRIFORMES,Accipitridae,Sarcogyps_calvus,0.1210,0.2807,9.0005,2,2
ACCIPITRIFORMES,Cathartidae,Cathartes_aura,0.1223,0.4561,7.2539,28,51
ACCIPITRIFORMES,Cathartidae,Coragyps_atratus,0.1684,0.5150,7.9356,14,28
ACCIPITRIFORMES,Cathartidae,Gymnogyps_californianus,0.0991,0.6810,11.8946,3,3
ACCIPITRIFORMES,Pandionidae,Pandion_haliaetus,0.1135,0.3446,6.2316,76,229
ACCIPITRIFORMES,Sagittariidae,Sagittarius_serpentarius,0.2731,0.4811,8.9445,1,1
ANSERIFORMES,Anatidae,Aix_sponsa,0.0700,0.3415,5.2033,6,43
ANSERIFORMES,Anatidae,Anas_acuta,0.1079,0.4264,5.5042,32,243
ANSERIFORMES,Anatidae,Anas_americana,0.0985,0.3903,5.1476,2,17
ANSERIFORMES,Anatidae,Anas_bahamensis,0.1027,0.3823,5.1167,2,15
ANSERIFORMES,Anatidae,Anas_clypeata,0.0976,0.4350,5.5683,6,48
ANSERIFORMES,Anatidae,Anas_crecca,0.0905,0.3759,4.5389,9,79
ANSERIFORMES,Anatidae,Anas_cyanoptera,0.0867,0.3809,4.7390,20,189
ANSERIFORMES,Anatidae,Anas_discors,0.0881,0.3517,4.5562,4,35
ANSERIFORMES,Anatidae,Anas_fulvigula,0.0464,0.4041,5.8302,1,9
ANSERIFORMES,Anatidae,Anas_penelope,0.1109,0.3930,5.3517,2,17
ANSERIFORMES,Anatidae,Anas_platyrhynchos,0.0980,0.4012,5.7726,19,161
ANSERIFORMES,Anatidae,Anas_poecilorhyncha,0.0385,0.2748,5.2117,1,9
ANSERIFORMES,Anatidae,Anas_rubripes,0.0679,0.4191,6.0883,1,6
ANSERIFORMES,Anatidae,Anas_strepera,0.0729,0.3895,5.4852,7,65
ANSERIFORMES,Anatidae,Anser_albifrons,0.1382,0.5313,7.5785,3,9
ANSERIFORMES,Anatidae,Anser_brachyrhynchus,0.1121,0.5340,8.3231,2,12
ANSERIFORMES,Anatidae,Aythya_affinis,0.0999,0.4449,5.6243,7,59
ANSERIFORMES,Anatidae,Aythya_americana,0.0752,0.4246,5.2676,12,104
ANSERIFORMES,Anatidae,Aythya_collaris,0.0447,0.4049,5.5571,2,18
ANSERIFORMES,Anatidae,Aythya_marila,0.0898,0.4481,6.2056,3,27
ANSERIFORMES,Anatidae,Aythya_valisineria,0.0803,0.4413,6.2596,3,26
ANSERIFORMES,Anatidae,Branta_bernicla,0.1340,0.5066,6.9952,5,26
ANSERIFORMES,Anatidae,Branta_canadensis,0.1202,0.5178,7.7142,7,37
ANSERIFORMES,Anatidae,Bucephala_albeola,0.1011,0.4011,4.9665,1,14
ANSERIFORMES,Anatidae,Bucephala_clangula,0.0966,0.3842,6.0448,3,28
ANSERIFORMES,Anatidae,Bucephala_islandica,0.1291,0.4044,6.0698,3,23
ANSERIFORMES,Anatidae,Chen_canagica,0.1332,0.5027,7.6203,6,25
ANSERIFORMES,Anatidae,Chloephaga_hybrida,0.1963,0.5124,8.3002,3,9
ANSERIFORMES,Anatidae,Chloephaga_picta,0.1533,0.5221,8.0225,3,7
ANSERIFORMES,Anatidae,Clangula_hyemalis,0.1272,0.3962,5.2295,10,77
ANSERIFORMES,Anatidae,Cygnus_atratus,0.1612,0.6657,9.7472,1,5
ANSERIFORMES,Anatidae,Cygnus_buccinator,0.0354,0.5479,11.3313,1,2
ANSERIFORMES,Anatidae,Cygnus_columbianus,0.0933,0.6039,9.1690,4,19
ANSERIFORMES,Anatidae,Cygnus_cygnus,0.1225,0.5273,11.6695,1,1
ANSERIFORMES,Anatidae,Cygnus_olor,0.0935,0.5440,11.4329,2,5
ANSERIFORMES,Anatidae,Dendrocygna_bicolor,0.0874,0.3138,5.1008,5,39
ANSERIFORMES,Anatidae,Dendrocygna_viduata,0.1009,0.3770,5.0639,1,13
ANSERIFORMES,Anatidae,Histrionicus_histrionicus,0.1180,0.3655,5.6550,5,26
ANSERIFORMES,Anatidae,Melanitta_fusca,0.1715,0.4803,7.1403,3,16
ANSERIFORMES,Anatidae,Melanitta_nigra,0.2068,0.5117,6.5706,1,5
ANSERIFORMES,Anatidae,Mergus_merganser,0.0674,0.4558,6.5418,1,8
ANSERIFORMES,Anatidae,Mergus_serrator,0.1235,0.4837,6.5329,5,41
ANSERIFORMES,Anatidae,Oxyura_jamaicensis,0.0802,0.3658,6.2467,11,81
ANSERIFORMES,Anatidae,Somateria_mollissima,0.1654,0.4967,7.3276,7,42
ANSERIFORMES,Anatidae,Somateria_spectabilis,0.1750,0.5281,7.3883,3,14
ANSERIFORMES,Anatidae,Tachyeres_patachonicus,0.1137,0.4948,8.6463,1,1
ANSERIFORMES,Anatidae,Thalassornis_leuconotus,0.0823,0.2929,5.1009,2,25
ANSERIFORMES,Anhimidae,Anhima_cornuta,0.0993,0.3519,8.5235,1,2
APODIFORMES,Apodidae,Aeronautes_saxatalis,0.1541,0.5363,2.1030,16,64
APODIFORMES,Apodidae,Apus_affinis,0.1111,0.4018,2.0117,1,3
APODIFORMES,Apodidae,Apus_apus,0.2508,0.5120,2.4391,1,2
APODIFORMES,Apodidae,Apus_caffer,0.1394,0.5508,2.2989,2,4
APODIFORMES,Apodidae,Chaetura_pelagica,0.2267,0.5500,2.0201,6,25
APODIFORMES,Apodidae,Chaetura_vauxi,0.1824,0.4851,1.8245,3,14
APODIFORMES,Apodidae,Collocalia_francica,0.1054,0.4604,1.7825,2,4
APODIFORMES,Apodidae,Cypseloides_niger,0.1486,0.5106,2.8579,9,9
APODIFORMES,Apodidae,Cypsiurus_parvus,0.1751,0.5481,1.7149,1,2
APODIFORMES,Hemiprocnidae,Hemiprocne_longipennis,0.0332,0.2744,2.3502,2,2
APODIFORMES,Trochilidae,Archilochus_alexandri,0.0297,0.4820,1.2666,26,49
APODIFORMES,Trochilidae,Archilochus_colubris,0.0339,0.4997,1.2779,8,16
APODIFORMES,Trochilidae,Calothorax_lucifer,0.0054,0.4481,1.1960,1,2
APODIFORMES,Trochilidae,Calypte_anna,0.0400,0.4943,1.3079,21,36
APODIFORMES,Trochilidae,Calypte_costae,0.0356,0.4910,1.2079,18,32
APODIFORMES,Trochilidae,Hylocharis_xantusii,0.0295,0.5116,1.2105,7,12
APODIFORMES,Trochilidae,Lampornis_clemenciae,0.0831,0.4322,1.4547,1,2
APODIFORMES,Trochilidae,Oreotrochilus_estella,0.0261,0.5737,1.6823,4,4
APODIFORMES,Trochilidae,Selasphorus_platycercus,0.0179,0.4894,1.2814,4,5
APODIFORMES,Trochilidae,Selasphorus_rufus,0.0330,0.4769,1.2875,4,7
APODIFORMES,Trochilidae,Selasphorus_sasin,0.0337,0.4758,1.2624,39,69
APODIFORMES,Trochilidae,Stellula_calliope,0.0304,0.4702,1.2026,10,18
APTERYGIFORMES,Apterygidae,Apteryx_australis,0.0725,0.5877,11.1692,3,3
BUCEROTIFORMES,Upupidae,Upupa_epops,0.1240,0.4339,2.5969,1,5
CAPRIMULGIFORMES,Caprimulgidae,Caprimulgus_affinis,0.0325,0.3186,2.6778,1,1
CAPRIMULGIFORMES,Caprimulgidae,Caprimulgus_asiaticus,0.0773,0.4145,2.7789,2,4
CAPRIMULGIFORMES,Caprimulgidae,Caprimulgus_carolinensis,0.0641,0.3900,3.5650,13,26
CAPRIMULGIFORMES,Caprimulgidae,Caprimulgus_climacurus,0.0868,0.4062,2.5094,1,1
CAPRIMULGIFORMES,Caprimulgidae,Caprimulgus_europaeus,0.0632,0.3883,3.0569,4,7
CAPRIMULGIFORMES,Caprimulgidae,Caprimulgus_indicus,0.0508,0.3427,2.9594,2,4
CAPRIMULGIFORMES,Caprimulgidae,Caprimulgus_macrurus,0.0640,0.3481,2.8317,5,9
CAPRIMULGIFORMES,Caprimulgidae,Caprimulgus_pectoralis,0.0186,0.2799,2.5972,1,2
CAPRIMULGIFORMES,Caprimulgidae,Caprimulgus_ruficollis,0.0770,0.3912,3.1095,2,3
CAPRIMULGIFORMES,Caprimulgidae,Caprimulgus_rufigena,0.1150,0.5420,3.0526,1,2
CAPRIMULGIFORMES,Caprimulgidae,Caprimulgus_vexillarius,0.0285,0.3849,2.5185,1,1
CAPRIMULGIFORMES,Caprimulgidae,Caprimulgus_vociferus,0.0641,0.3891,2.8605,8,16
CAPRIMULGIFORMES,Caprimulgidae,Chordeiles_acutipennis,0.0630,0.3797,2.7541,27,52
CAPRIMULGIFORMES,Caprimulgidae,Chordeiles_minor,0.0796,0.3833,3.0455,43,83
CAPRIMULGIFORMES,Caprimulgidae,Macrodipteryx_longipennis,0.0516,0.3490,2.5672,1,2
CAPRIMULGIFORMES,Caprimulgidae,Nyctidromus_albicollis,0.0887,0.3857,3.1209,6,12
CAPRIMULGIFORMES,Caprimulgidae,Phalaenoptilus_nuttallii,0.0692,0.3785,2.6920,10,20
CAPRIMULGIFORMES,Podargidae,Batrachostomus_javensis,0.0094,0.5150,3.0448,1,1
CAPRIMULGIFORMES,Podargidae,Batrachostomus_stellatus,0.0321,0.2708,2.6295,1,1
CAPRIMULGIFORMES,Podargidae,Podargus_strigoides,0.0636,0.4548,4.2601,1,3
CASUARIIFORMES,Casuariidae,Casuarius_bennetti,0.1172,0.5209,13.5326,1,1
CASUARIIFORMES,Casuariidae,Casuarius_casuarius,0.0724,0.5408,14.1250,2,2
CASUARIIFORMES,Casuariidae,Dromaius_novaehollandiae,0.0573,0.4988,12.7834,3,3
CHARADRIIFORMES,Alcidae,Aethia_cristatella,0.2505,0.4659,5.3474,4,4
CHARADRIIFORMES,Alcidae,Aethia_psittacula,0.2466,0.5048,5.6234,4,4
CHARADRIIFORMES,Alcidae,Aethia_pusilla,0.1960,0.3999,3.9883,8,8
CHARADRIIFORMES,Alcidae,Alca_torda,0.2880,0.5818,7.5757,15,16
CHARADRIIFORMES,Alcidae,Alle_alle,0.1647,0.4020,4.6032,2,2
CHARADRIIFORMES,Alcidae,Brachyramphus_marmoratus,0.2602,0.6118,6.1466,1,1
CHARADRIIFORMES,Alcidae,Cepphus_columba,0.2230,0.4932,6.1728,38,68
CHARADRIIFORMES,Alcidae,Cepphus_grylle,0.2199,0.4778,5.8653,10,19
CHARADRIIFORMES,Alcidae,Cerorhinca_monocerata,0.2079,0.4704,6.8766,12,12
CHARADRIIFORMES,Alcidae,Fratercula_arctica,0.2815,0.4829,6.3065,8,8
CHARADRIIFORMES,Alcidae,Fratercula_cirrhata,0.2928,0.4990,7.2282,53,53
CHARADRIIFORMES,Alcidae,Fratercula_corniculata,0.2555,0.4929,6.8534,28,28
CHARADRIIFORMES,Alcidae,Ptychoramphus_aleuticus,0.1364,0.3819,4.6304,22,22
CHARADRIIFORMES,Alcidae,Synthliboramphus_antiquus,0.1323,0.6729,6.2258,8,16
CHARADRIIFORMES,Alcidae,Synthliboramphus_craveri,0.1561,0.5097,5.3850,6,10
CHARADRIIFORMES,Alcidae,Synthliboramphus_hypoleucus,0.1567,0.5401,5.4912,15,22
CHARADRIIFORMES,Alcidae,Uria_aalge,0.4502,0.6791,8.1741,33,33
CHARADRIIFORMES,Alcidae,Uria_lomvia,0.4336,0.6453,7.8649,39,39
CHARADRIIFORMES,Burhinidae,Burhinus_capensis,0.2635,0.5068,5.8589,3,6
CHARADRIIFORMES,Burhinidae,Burhinus_oedicnemus,0.1611,0.3358,4.9116,1,1
CHARADRIIFORMES,Burhinidae,Burhinus_vermicularis,0.0903,0.3561,4.9037,1,2
CHARADRIIFORMES,Charadriidae,Charadrius_alexandrinus,0.2566,0.3930,3.1152,37,94
CHARADRIIFORMES,Charadriidae,Charadrius_dubius,0.3302,0.4210,2.9137,1,2
CHARADRIIFORMES,Charadriidae,Charadrius_falklandicus,0.2945,0.4436,3.7759,1,2
CHARADRIIFORMES,Charadriidae,Charadrius_hiaticula,0.3354,0.4179,3.4851,7,12
CHARADRIIFORMES,Charadriidae,Charadrius_melodus,0.2713,0.3472,3.1989,8,22
CHARADRIIFORMES,Charadriidae,Charadrius_modestus,0.3155,0.5041,4.4829,2,4
CHARADRIIFORMES,Charadriidae,Charadrius_montanus,0.2152,0.3393,3.7750,2,4
CHARADRIIFORMES,Charadriidae,Charadrius_pecuarius,0.2661,0.4750,3.2023,3,6
CHARADRIIFORMES,Charadriidae,Charadrius_semipalmatus,0.3195,0.4628,3.3488,3,7
CHARADRIIFORMES,Charadriidae,Charadrius_tricollaris,0.3005,0.4426,3.0216,2,4
CHARADRIIFORMES,Charadriidae,Charadrius_vociferus,0.3522,0.4756,3.8310,20,29
CHARADRIIFORMES,Charadriidae,Charadrius_wilsonia,0.2621,0.4116,3.7489,9,27
CHARADRIIFORMES,Charadriidae,Elseyornis_melanops,0.2697,0.2995,2.6494,1,2
CHARADRIIFORMES,Charadriidae,Erythrogonys_cinctus,0.3806,0.4072,3.1366,1,2
CHARADRIIFORMES,Charadriidae,Eudromias_morinellus,0.2275,0.5119,4.0186,1,2
CHARADRIIFORMES,Charadriidae,Pluvialis_apricaria,0.4107,0.5328,5.1358,4,6
CHARADRIIFORMES,Charadriidae,Pluvialis_dominica,0.4331,0.6112,4.9874,1,2
CHARADRIIFORMES,Charadriidae,Pluvialis_fulva,0.3348,0.4276,4.9230,2,3
CHARADRIIFORMES,Charadriidae,Vanellus_armatus,0.2311,0.3098,3.5933,1,4
CHARADRIIFORMES,Charadriidae,Vanellus_coronatus,0.2999,0.4093,3.9410,1,3
CHARADRIIFORMES,Charadriidae,Vanellus_miles,0.2867,0.4837,4.9008,2,8
CHARADRIIFORMES,Charadriidae,Vanellus_senegallus,0.2639,0.4072,4.5872,1,3
CHARADRIIFORMES,Charadriidae,Vanellus_vanellus,0.3433,0.4373,4.5780,8,11
CHARADRIIFORMES,Dromadidae,Dromas_ardeola,0.2022,0.3958,6.5763,1,1
CHARADRIIFORMES,Glareolidae,Cursorius_cursor,0.2370,0.3763,3.5900,1,2
CHARADRIIFORMES,Glareolidae,Cursorius_temminckii,0.1165,0.1614,2.6026,1,1
CHARADRIIFORMES,Glareolidae,Glareola_lactea,0.1540,0.2803,2.5811,3,8
CHARADRIIFORMES,Glareolidae,Glareola_maldivarum,0.2808,0.3579,3.0904,3,6
CHARADRIIFORMES,Glareolidae,Glareola_nuchalis,0.3203,0.4695,3.1065,2,4
CHARADRIIFORMES,Glareolidae,Glareola_pratincola,0.1395,0.3422,3.2323,2,6
CHARADRIIFORMES,Glareolidae,Rhinoptilus_africanus,0.1367,0.3365,3.3119,1,1
CHARADRIIFORMES,Haematopodidae,Haematopus_bachmani,0.2345,0.4782,5.8174,7,13
CHARADRIIFORMES,Haematopodidae,Haematopus_ostralegus,0.2301,0.4354,5.7429,12,32
CHARADRIIFORMES,Haematopodidae,Haematopus_palliatus,0.2184,0.4328,5.6441,3,8
CHARADRIIFORMES,Jacanidae,Actophilornis_africanus,0.1951,0.4019,3.2687,1,2
CHARADRIIFORMES,Jacanidae,Jacana_spinosa,0.1114,0.3535,2.9039,13,46
CHARADRIIFORMES,Jacanidae,Metopidius_indicus,0.2154,0.4140,3.5105,1,1
CHARADRIIFORMES,Laridae,Anous_minutus,0.1427,0.4019,4.5097,1,1
CHARADRIIFORMES,Laridae,Anous_stolidus,0.2528,0.4691,5.1864,18,18
CHARADRIIFORMES,Laridae,Chlidonias_leucopterus,0.2220,0.3636,3.4227,3,6
CHARADRIIFORMES,Laridae,Chlidonias_niger,0.2706,0.4178,3.4035,52,105
CHARADRIIFORMES,Laridae,Creagrus_furcatus,0.2181,0.4499,6.6143,2,2
CHARADRIIFORMES,Laridae,Gygis_alba,0.0871,0.4621,4.4579,2,2
CHARADRIIFORMES,Laridae,Larus_argentatus,0.2685,0.4755,7.2042,12,31
CHARADRIIFORMES,Laridae,Larus_atricilla,0.2444,0.4174,5.4455,17,48
CHARADRIIFORMES,Laridae,Larus_californicus,0.2662,0.4806,6.6474,21,51
CHARADRIIFORMES,Laridae,Larus_canus,0.2173,0.4312,5.7221,12,33
CHARADRIIFORMES,Laridae,Larus_cirrocephalus,0.3232,0.5250,5.3752,1,2
CHARADRIIFORMES,Laridae,Larus_delawarensis,0.2452,0.4527,6.0373,8,22
CHARADRIIFORMES,Laridae,Larus_dominicanus,0.1929,0.3987,6.6962,2,4
CHARADRIIFORMES,Laridae,Larus_fuscus,0.2393,0.4749,6.8727,6,17
CHARADRIIFORMES,Laridae,Larus_genei,0.2410,0.4097,5.4963,3,9
CHARADRIIFORMES,Laridae,Larus_glaucescens,0.2268,0.4411,7.0849,59,139
CHARADRIIFORMES,Laridae,Larus_glaucoides,0.2536,0.5312,7.2188,4,9
CHARADRIIFORMES,Laridae,Larus_heermanni,0.2416,0.4384,5.8825,17,44
CHARADRIIFORMES,Laridae,Larus_hemprichii,0.1988,0.3784,5.8058,1,2
CHARADRIIFORMES,Laridae,Larus_hyperboreus,0.2681,0.4601,7.3257,8,20
CHARADRIIFORMES,Laridae,Larus_livens,0.2197,0.5027,7.2358,1,3
CHARADRIIFORMES,Laridae,Larus_maculipennis,0.2161,0.3754,5.0894,2,3
CHARADRIIFORMES,Laridae,Larus_marinus,0.2803,0.4860,7.8012,8,22
CHARADRIIFORMES,Laridae,Larus_minutus,0.2000,0.3722,4.3342,3,5
CHARADRIIFORMES,Laridae,Larus_novaehollandiae,0.2283,0.4629,5.3401,2,4
CHARADRIIFORMES,Laridae,Larus_occidentalis,0.2420,0.4886,7.1106,59,152
CHARADRIIFORMES,Laridae,Larus_philadelphia,0.1788,0.3840,4.6936,1,3
CHARADRIIFORMES,Laridae,Larus_pipixcan,0.2646,0.4316,5.1410,5,13
CHARADRIIFORMES,Laridae,Larus_ridibundus,0.2163,0.4132,5.2997,3,9
CHARADRIIFORMES,Laridae,Leucophaeus_scoresbii,0.2052,0.4392,6.0441,1,4
CHARADRIIFORMES,Laridae,Pagophila_eburnea,0.2828,0.4590,5.8352,1,2
CHARADRIIFORMES,Laridae,Rissa_brevirostris,0.2817,0.4309,5.6341,8,14
CHARADRIIFORMES,Laridae,Rissa_tridactyla,0.2552,0.3851,5.5084,13,26
CHARADRIIFORMES,Laridae,Rynchops_niger,0.1725,0.3830,4.5526,20,72
CHARADRIIFORMES,Laridae,Sterna_acuticauda,0.1756,0.3316,3.2220,2,6
CHARADRIIFORMES,Laridae,Sterna_albifrons,0.1906,0.3570,3.0758,52,115
CHARADRIIFORMES,Laridae,Sterna_aleutica,0.2897,0.5311,4.3587,5,10
CHARADRIIFORMES,Laridae,Sterna_anaethetus,0.2166,0.4745,4.8174,6,6
CHARADRIIFORMES,Laridae,Sterna_aurantia,0.1689,0.3706,4.3214,2,6
CHARADRIIFORMES,Laridae,Sterna_bergii,0.3019,0.4550,6.2359,2,2
CHARADRIIFORMES,Laridae,Sterna_caspia,0.2373,0.4561,6.4067,16,38
CHARADRIIFORMES,Laridae,Sterna_dougallii,0.2341,0.4152,4.1273,14,30
CHARADRIIFORMES,Laridae,Sterna_elegans,0.2732,0.4981,5.4904,36,36
CHARADRIIFORMES,Laridae,Sterna_forsteri,0.2561,0.4528,4.3439,37,110
CHARADRIIFORMES,Laridae,Sterna_fuscata,0.2401,0.4734,5.1725,39,40
CHARADRIIFORMES,Laridae,Sterna_hirundinacea,0.3590,0.4711,4.7160,1,2
CHARADRIIFORMES,Laridae,Sterna_hirundo,0.2157,0.4011,4.1283,39,97
CHARADRIIFORMES,Laridae,Sterna_maxima,0.3183,0.4899,6.5323,14,24
CHARADRIIFORMES,Laridae,Sterna_nilotica,0.2211,0.4238,4.6696,8,22
CHARADRIIFORMES,Laridae,Sterna_paradisaea,0.2121,0.3807,4.0492,16,33
CHARADRIIFORMES,Laridae,Sterna_repressa,0.2315,0.3808,4.1045,1,3
CHARADRIIFORMES,Laridae,Sterna_sandvicensis,0.2806,0.4781,5.2328,14,17
CHARADRIIFORMES,Laridae,Sterna_striata,0.3052,0.4619,4.7973,1,1
CHARADRIIFORMES,Laridae,Sterna_sumatrana,0.2856,0.4146,3.9450,2,4
CHARADRIIFORMES,Laridae,Sterna_superciliaris,0.1713,0.3485,3.1980,1,3
CHARADRIIFORMES,Laridae,Sterna_trudeaui,0.3106,0.5099,4.4482,1,2
CHARADRIIFORMES,Laridae,Xema_sabini,0.2552,0.4106,4.4835,7,31
CHARADRIIFORMES,Recurvirostridae,Himantopus_mexicanus,0.3098,0.4592,4.3540,31,78
CHARADRIIFORMES,Recurvirostridae,Recurvirostra_americana,0.3432,0.4977,4.9576,19,40
CHARADRIIFORMES,Scolopacidae,Actitis_hypoleucos,0.3186,0.4108,3.5532,2,5
CHARADRIIFORMES,Scolopacidae,Actitis_macularius,0.3112,0.3841,3.1437,65,150
CHARADRIIFORMES,Scolopacidae,Arenaria_melanocephala,0.3602,0.3950,3.9718,2,4
CHARADRIIFORMES,Scolopacidae,Bartramia_longicauda,0.3225,0.4119,4.4447,10,30
CHARADRIIFORMES,Scolopacidae,Calidris_alpina,0.3971,0.4786,3.4468,4,5
CHARADRIIFORMES,Scolopacidae,Calidris_melanotos,0.4288,0.4514,3.7690,1,2
CHARADRIIFORMES,Scolopacidae,Calidris_minutilla,0.4847,0.5026,2.9011,1,3
CHARADRIIFORMES,Scolopacidae,Calidris_ptilocnemis,0.4682,0.5430,3.9089,2,3
CHARADRIIFORMES,Scolopacidae,Catoptrophorus_semipalmatus,0.3971,0.4308,5.3917,10,19
CHARADRIIFORMES,Scolopacidae,Gallinago_gallinago,0.3219,0.4563,3.9769,11,25
CHARADRIIFORMES,Scolopacidae,Gallinago_gallinago1,0.3097,0.4429,3.8543,8,16
CHARADRIIFORMES,Scolopacidae,Gallinago_paraguaiae,0.2543,0.4337,4.3464,2,3
CHARADRIIFORMES,Scolopacidae,Limicola_falcinellus,0.3473,0.3799,3.0342,1,2
CHARADRIIFORMES,Scolopacidae,Limnodromus_griseus,0.3291,0.4245,3.9478,1,3
CHARADRIIFORMES,Scolopacidae,Limosa_fedoa,0.3203,0.4874,5.8421,1,3
CHARADRIIFORMES,Scolopacidae,Limosa_haemastica,0.3048,0.4992,5.2708,1,1
CHARADRIIFORMES,Scolopacidae,Limosa_limosa,0.4287,0.5156,5.4411,3,4
CHARADRIIFORMES,Scolopacidae,Numenius_americanus,0.3273,0.4465,6.6098,9,28
CHARADRIIFORMES,Scolopacidae,Numenius_arquata,0.3940,0.4537,6.6281,6,12
CHARADRIIFORMES,Scolopacidae,Numenius_phaeopus,0.3913,0.4656,5.7441,5,8
CHARADRIIFORMES,Scolopacidae,Phalaropus_fulicarius,0.4142,0.4796,3.0472,4,7
CHARADRIIFORMES,Scolopacidae,Phalaropus_lobatus,0.3441,0.4578,3.0190,4,4
CHARADRIIFORMES,Scolopacidae,Philomachus_pugnax,0.4270,0.5061,4.3012,3,5
CHARADRIIFORMES,Scolopacidae,Scolopax_minor,0.2305,0.4002,3.9242,6,21
CHARADRIIFORMES,Scolopacidae,Scolopax_rusticola,0.2332,0.2904,4.2483,5,19
CHARADRIIFORMES,Scolopacidae,Steganopus_tricolor,0.3320,0.4450,3.2077,14,20
CHARADRIIFORMES,Scolopacidae,Tringa_flavipes,0.4213,0.4928,4.0009,1,1
CHARADRIIFORMES,Scolopacidae,Tringa_totanus,0.3984,0.4099,4.2849,2,2
CHARADRIIFORMES,Stercorariidae,Catharacta_maccormicki,0.2881,0.5237,7.6627,2,3
CHARADRIIFORMES,Stercorariidae,Catharacta_skua,0.2747,0.4073,6.7837,5,8
CHARADRIIFORMES,Stercorariidae,Stercorarius_longicaudus,0.2764,0.4564,5.5264,5,9
CHARADRIIFORMES,Stercorariidae,Stercorarius_parasiticus,0.2586,0.4590,5.9276,7,11
CHARADRIIFORMES,Stercorariidae,Stercorarius_pomarinus,0.2115,0.3634,6.2088,2,4
CHARADRIIFORMES,Turnicidae,Turnix_ocellatus,0.1428,0.2422,2.6713,5,13
CHARADRIIFORMES,Turnicidae,Turnix_suscitator,0.1415,0.2658,2.4937,2,7
CHARADRIIFORMES,Turnicidae,Turnix_sylvaticus,0.0828,0.3610,2.3104,1,3
CHARADRIIFORMES,Turnicidae,Turnix_tanki,0.1850,0.3098,2.6139,1,4
CICONIIFORMES,Ciconiidae,Anastomus_lamelligerus,0.0905,0.4428,5.8130,1,3
CICONIIFORMES,Ciconiidae,Ciconia_ciconia,0.0651,0.4380,7.6432,1,4
CICONIIFORMES,Ciconiidae,Mycteria_americana,0.1276,0.5025,6.9070,2,6
CICONIIFORMES,Ciconiidae,Mycteria_leucocephala,0.1544,0.5516,7.1186,1,4
COLIIFORMES,Coliidae,Colius_colius,0.1331,0.2693,2.1526,1,4
COLIIFORMES,Coliidae,Colius_leucocephalus,0.0731,0.2558,2.0508,1,3
COLIIFORMES,Coliidae,Colius_striatus,0.1473,0.3315,2.2251,4,12
COLIIFORMES,Coliidae,Urocolius_indicus,0.1388,0.3983,2.1728,1,2
COLUMBIFORMES,Columbidae,Chalcophaps_indica,0.0673,0.3296,2.7615,1,2
COLUMBIFORMES,Columbidae,Columba_delegorguei,0.0394,0.2021,3.1377,1,1
COLUMBIFORMES,Columbidae,Columba_livia,0.0623,0.3308,3.8068,1,2
COLUMBIFORMES,Columbidae,Columba_oenas,0.0295,0.2923,3.6921,1,2
COLUMBIFORMES,Columbidae,Columba_palumbus,0.0654,0.4041,4.0881,1,2
COLUMBIFORMES,Columbidae,Columba_rupestris,0.0468,0.2993,3.6540,1,2
COLUMBIFORMES,Columbidae,Columbina_inca,0.0406,0.3390,2.2077,11,22
COLUMBIFORMES,Columbidae,Columbina_minuta,0.0636,0.2770,2.0563,1,1
COLUMBIFORMES,Columbidae,Columbina_passerina,0.0562,0.3584,2.2254,13,26
COLUMBIFORMES,Columbidae,Columbina_talpacoti,0.0704,0.3226,2.2689,1,2
COLUMBIFORMES,Columbidae,Didunculus_strigirostris,0.1020,0.6292,4.8847,1,1
COLUMBIFORMES,Columbidae,Gallicolumba_jobiensis,0.0335,0.3157,3.0988,2,2
COLUMBIFORMES,Columbidae,Gallicolumba_kubaryi,0.0581,0.3681,3.2371,4,4
COLUMBIFORMES,Columbidae,Gallicolumba_rubescens,0.0313,0.3069,2.8660,11,18
COLUMBIFORMES,Columbidae,Gallicolumba_rufigula,0.0140,0.4128,3.2657,1,1
COLUMBIFORMES,Columbidae,Gallicolumba_stairi,0.0278,0.2182,2.9560,2,4
COLUMBIFORMES,Columbidae,Geopelia_striata,0.0871,0.3714,2.4211,1,2
COLUMBIFORMES,Columbidae,Geophaps_smithii,0.0360,0.3983,2.9290,1,1
COLUMBIFORMES,Columbidae,Geotrygon_chrysia,0.0506,0.3381,3.1386,1,1
COLUMBIFORMES,Columbidae,Geotrygon_montana,0.0128,0.3415,2.8203,2,3
COLUMBIFORMES,Columbidae,Leptotila_verreauxi,0.0481,0.3336,2.8596,11,22
COLUMBIFORMES,Columbidae,Macropygia_unchall,0.1167,0.4510,3.3471,1,1
COLUMBIFORMES,Columbidae,Oena_capensis,0.0441,0.3775,2.2235,2,3
COLUMBIFORMES,Columbidae,Patagioenas_fasciata,0.0712,0.4512,4.1363,15,17
COLUMBIFORMES,Columbidae,Patagioenas_flavirostris,0.0758,0.3823,3.9826,4,5
COLUMBIFORMES,Columbidae,Patagioenas_leucocephala,0.0469,0.3662,3.5240,4,6
COLUMBIFORMES,Columbidae,Phapitreron_leucotis,0.0806,0.2555,2.5355,1,2
COLUMBIFORMES,Columbidae,Ptilinopus_leclancheri,0.0713,0.2897,3.0549,1,1
COLUMBIFORMES,Columbidae,Ptilinopus_perousii,0.0173,0.4482,3.1422,1,1
COLUMBIFORMES,Columbidae,Starnoenas_cyanocephala,0.0892,0.4086,3.3922,2,3
COLUMBIFORMES,Columbidae,Stigmatopelia_chinensis,0.0292,0.3397,2.8745,2,4
COLUMBIFORMES,Columbidae,Stigmatopelia_senegalensis,0.0586,0.2636,2.4657,3,6
COLUMBIFORMES,Columbidae,Streptopelia_bitorquata,0.0014,0.3300,2.9621,1,1
COLUMBIFORMES,Columbidae,Streptopelia_capicola,0.0245,0.3246,3.0025,2,4
COLUMBIFORMES,Columbidae,Streptopelia_orientalis,0.0560,0.3363,3.2469,2,4
COLUMBIFORMES,Columbidae,Streptopelia_tranquebarica,0.0295,0.3292,2.6889,3,6
COLUMBIFORMES,Columbidae,Treron_apicauda,0.0585,0.4140,3.2636,1,2
COLUMBIFORMES,Columbidae,Treron_pompadora,0.0233,0.3218,3.0102,1,2
COLUMBIFORMES,Columbidae,Treron_sphenurus,0.0449,0.4022,3.0684,1,2
COLUMBIFORMES,Columbidae,Treron_vernans,0.0145,0.2274,2.7382,1,2
COLUMBIFORMES,Columbidae,Turtur_afer,0.0386,0.3229,2.2389,1,2
COLUMBIFORMES,Columbidae,Turtur_chalcospilos,0.0354,0.3135,2.2956,1,2
COLUMBIFORMES,Columbidae,Zenaida_asiatica,0.0668,0.3556,3.0750,9,17
COLUMBIFORMES,Columbidae,Zenaida_macroura,0.0576,0.3500,2.8693,72,143
CORACIIFORMES,Alcedinidae,Actenoides_lindsayi,0.2679,0.3557,3.5683,1,1
CORACIIFORMES,Alcedinidae,Alcedo_atthis,0.0785,0.2403,2.1945,2,9
CORACIIFORMES,Alcedinidae,Alcedo_cristata,0.0644,0.2107,1.8721,2,8
CORACIIFORMES,Alcedinidae,Alcedo_hercules,0.0326,0.1696,2.4565,1,3
CORACIIFORMES,Alcedinidae,Ceryle_rudis,0.0444,0.2753,2.9947,1,6
CORACIIFORMES,Alcedinidae,Chloroceryle_americana,0.0747,0.4055,2.5840,1,2
CORACIIFORMES,Alcedinidae,Halcyon_albiventris,0.0386,0.1267,2.7538,1,3
CORACIIFORMES,Alcedinidae,Halcyon_chelicuti,0.0163,0.1712,2.4607,1,3
CORACIIFORMES,Alcedinidae,Megaceryle_alcyon,0.0937,0.3016,3.4525,20,126
CORACIIFORMES,Alcedinidae,Todiramphus_chloris,0.0682,0.2363,2.9435,4,10
CORACIIFORMES,Alcedinidae,Todiramphus_macleayii,0.1176,0.2607,2.7211,1,4
CORACIIFORMES,Alcedinidae,Todiramphus_pyrrhopygius,0.0819,0.2208,2.6350,1,3
CORACIIFORMES,Coraciidae,Coracias_naevia,0.1031,0.2511,3.7183,1,4
CORACIIFORMES,Meropidae,Merops_apiaster,0.0384,0.1732,2.5503,2,16
CORACIIFORMES,Meropidae,Merops_bullockoides,0.0247,0.2185,2.4525,1,4
CORACIIFORMES,Meropidae,Merops_ornatus,0.0162,0.1782,2.2464,1,5
CORACIIFORMES,Meropidae,Merops_pusillus,0.0214,0.1879,1.8473,2,10
CORACIIFORMES,Meropidae,Merops_superciliosus,0.0181,0.1453,2.2946,2,9
CORACIIFORMES,Meropidae,Merops_viridis,0.0234,0.1551,2.0613,2,8
CUCULIFORMES,Cuculidae,Centropus_bengalensis,0.1091,0.2370,2.8014,1,3
CUCULIFORMES,Cuculidae,Centropus_senegalensis,0.0738,0.3287,3.3937,2,6
CUCULIFORMES,Cuculidae,Centropus_superciliosus,0.1522,0.3655,3.3570,1,4
CUCULIFORMES,Cuculidae,Centropus_viridis,0.0221,0.2088,2.7531,1,3
CUCULIFORMES,Cuculidae,Coccyzus_americanus,0.0410,0.3201,3.1167,13,43
CUCULIFORMES,Cuculidae,Coccyzus_erythropthalmus,0.0713,0.3530,2.8341,9,30
CUCULIFORMES,Cuculidae,Coccyzus_minor,0.0412,0.4170,3.2854,2,6
CUCULIFORMES,Cuculidae,Crotophaga_ani,0.0466,0.3432,3.5164,4,38
CUCULIFORMES,Cuculidae,Crotophaga_sulcirostris,0.0590,0.3161,3.1316,3,27
CUCULIFORMES,Cuculidae,Cuculus_pallidus,0.1177,0.3831,2.3096,1,1
CUCULIFORMES,Cuculidae,Geococcyx_californianus,0.0961,0.3299,4.0318,32,135
CUCULIFORMES,Cuculidae,Geococcyx_velox,0.0893,0.3246,3.5426,2,4
CUCULIFORMES,Cuculidae,Guira_guira,0.0521,0.3644,4.0837,1,4
CUCULIFORMES,Cuculidae,Phaenicophaeus_superciliosus,0.0393,0.2536,3.2712,1,2
EURYPYGIFORMES,Rhynochetidae,Rhynochetos_jubatus,0.1450,0.3278,6.5550,1,2
EXTINCT,Aepyornithidae,NA,0.0044,0.4499,23.8700,2,2
EXTINCT,Columbidae,NA,0.0872,0.3391,3.9290,5,6
EXTINCT,Dinornithidae,NA,0.0050,0.3318,14.4235,1,1
EXTINCT,Rallidae,NA,0.0523,0.4494,2.9990,1,1
FALCONIFORMES,Falconidae,Caracara_cheriway,0.1475,0.2682,5.9988,11,30
FALCONIFORMES,Falconidae,Falco_biarmicus,0.1270,0.2896,5.2158,1,4
FALCONIFORMES,Falconidae,Falco_columbarius,0.1012,0.2717,3.9778,7,26
FALCONIFORMES,Falconidae,Falco_femoralis,0.1058,0.2397,4.5399,1,3
FALCONIFORMES,Falconidae,Falco_mexicanus,0.1197,0.3086,5.2862,64,284
FALCONIFORMES,Falconidae,Falco_peregrinus,0.1175,0.2855,5.3360,21,69
FALCONIFORMES,Falconidae,Falco_rusticolus,0.1233,0.2796,5.9904,3,11
FALCONIFORMES,Falconidae,Falco_sparverius,0.0924,0.2442,3.5432,78,353
FALCONIFORMES,Falconidae,Falco_subbuteo,0.1022,0.2116,3.9517,1,5
FALCONIFORMES,Falconidae,Falco_tinnunculus,0.1075,0.2936,4.0485,10,45
FALCONIFORMES,Falconidae,Phalcoboenus_australis,0.1447,0.3222,6.5768,3,3
GALLIFORMES,Cracidae,Ortalis_vetula,0.1178,0.4590,6.0847,10,31
GALLIFORMES,Megapodiidae,Macrocephalon_maleo,0.0365,0.7237,8.3400,1,1
GALLIFORMES,Megapodiidae,Megapodius_freycinet,0.0551,0.6199,8.9621,1,2
GALLIFORMES,Megapodiidae,Megapodius_pritchardii,0.0221,0.7072,7.9284,1,3
GALLIFORMES,Numididae,Numida_meleagris,0.2260,0.3197,5.2572,1,10
GALLIFORMES,Odontophoridae,Callipepla_californica,0.2364,0.2850,3.0381,55,700
GALLIFORMES,Odontophoridae,Callipepla_gambelii,0.2363,0.3129,3.1663,15,168
GALLIFORMES,Odontophoridae,Callipepla_squamata,0.2005,0.2850,3.1058,6,62
GALLIFORMES,Odontophoridae,Colinus_virginianus,0.2530,0.2760,2.9429,10,117
GALLIFORMES,Odontophoridae,Cyrtonyx_montezumae,0.2390,0.3090,3.0475,1,14
GALLIFORMES,Odontophoridae,Oreortyx_pictus,0.2602,0.3102,3.3563,8,47
GALLIFORMES,Odontophoridae,Ptilopachus_petrosus,0.1789,0.2764,3.4575,1,6
GALLIFORMES,Phasianidae,Alectoris_barbara,0.1611,0.3540,4.0471,1,8
GALLIFORMES,Phasianidae,Alectoris_chukar,0.2343,0.3746,4.0514,1,2
GALLIFORMES,Phasianidae,Arborophila_atrogularis,0.1720,0.2938,3.7187,1,2
GALLIFORMES,Phasianidae,Arborophila_rufogularis,0.1614,0.3157,4.0039,1,2
GALLIFORMES,Phasianidae,Bambusicola_fytchii,0.1685,0.3863,3.9951,1,4
GALLIFORMES,Phasianidae,Bonasa_umbellus,0.1659,0.3471,3.9759,10,97
GALLIFORMES,Phasianidae,Centrocercus_urophasianus,0.1925,0.5007,5.6912,8,45
GALLIFORMES,Phasianidae,Coturnix_chinensis,0.1432,0.2764,2.4148,3,13
GALLIFORMES,Phasianidae,Coturnix_coturnix,0.1964,0.2980,2.9223,3,23
GALLIFORMES,Phasianidae,Dendragapus_canadensis,0.1514,0.3562,4.1365,2,16
GALLIFORMES,Phasianidae,Dendragapus_obscurus,0.2066,0.4534,5.0218,13,62
GALLIFORMES,Phasianidae,Francolinus_coqui,0.0799,0.2237,3.1871,1,5
GALLIFORMES,Phasianidae,Francolinus_hildebrandti,0.1870,0.2517,4.5263,1,3
GALLIFORMES,Phasianidae,Francolinus_pintadeanus,0.1624,0.2232,3.7141,2,8
GALLIFORMES,Phasianidae,Francolinus_shelleyi,0.1903,0.2226,3.8494,1,3
GALLIFORMES,Phasianidae,Francolinus_squamatus,0.2473,0.3663,4.4644,1,4
GALLIFORMES,Phasianidae,Gallus_gallus,0.0553,0.2838,5.4190,1,8
GALLIFORMES,Phasianidae,Gallus_sonneratii,0.1521,0.3543,4.6615,1,4
GALLIFORMES,Phasianidae,Lagopus_lagopus,0.1625,0.3934,4.3524,12,111
GALLIFORMES,Phasianidae,Lagopus_muta,0.1894,0.4124,4.3231,9,76
GALLIFORMES,Phasianidae,Lophura_leucomelanos,0.1336,0.4087,4.9321,1,3
GALLIFORMES,Phasianidae,Lophura_nycthemera,0.0979,0.3307,5.1077,1,6
GALLIFORMES,Phasianidae,Lophura_swinhoii,0.1542,0.3848,5.5370,1,6
GALLIFORMES,Phasianidae,Meleagris_gallopavo,0.1991,0.4140,6.1325,5,32
GALLIFORMES,Phasianidae,Meleagris_ocellata,0.2184,0.3644,5.9453,1,2
GALLIFORMES,Phasianidae,Pavo_cristatus,0.1592,0.4023,7.8799,2,7
GALLIFORMES,Phasianidae,Perdix_perdix,0.2448,0.3810,3.6486,2,27
GALLIFORMES,Phasianidae,Phasianus_colchicus,0.1632,0.2604,4.2325,7,47
GALLIFORMES,Phasianidae,Polyplectron_germaini,0.0949,0.4173,4.8322,1,2
GALLIFORMES,Phasianidae,Syrmaticus_reevesii,0.1643,0.3816,4.7926,1,6
GALLIFORMES,Phasianidae,Tetrao_tetrix,0.1730,0.4024,5.1333,1,9
GALLIFORMES,Phasianidae,Tetrao_urogallus,0.1481,0.3984,5.7557,1,7
GALLIFORMES,Phasianidae,Tetraogallus_tibetanus,0.1453,0.5717,6.7428,1,1
GALLIFORMES,Phasianidae,Tragopan_caboti,0.1190,0.3381,5.7320,1,4
GALLIFORMES,Phasianidae,Tympanuchus_cupido,0.1593,0.3454,4.2038,8,88
GALLIFORMES,Phasianidae,Tympanuchus_phasianellus,0.1599,0.3561,4.2659,10,109
GAVIIFORMES,Gaviidae,Gavia_adamsii,0.2200,0.6530,8.6519,2,3
GAVIIFORMES,Gaviidae,Gavia_arctica,0.2064,0.6456,7.9108,5,9
GAVIIFORMES,Gaviidae,Gavia_immer,0.1660,0.6084,8.5517,13,25
GAVIIFORMES,Gaviidae,Gavia_pacifica,0.1957,0.6355,7.3617,6,11
GAVIIFORMES,Gaviidae,Gavia_stellata,0.2051,0.6573,7.2179,12,24
GRUIFORMES,Aramidae,Aramus_guarauna,0.1061,0.3745,6.0837,4,21
GRUIFORMES,Gruidae,Balearica_pavonina,0.1170,0.5158,8.6346,1,2
GRUIFORMES,Gruidae,Grus_americana,0.2436,0.5956,10.2633,1,1
GRUIFORMES,Gruidae,Grus_canadensis,0.2337,0.6112,7.8053,13,32
GRUIFORMES,Gruidae,Grus_grus,0.2473,0.5875,10.1558,4,7
GRUIFORMES,Gruidae,Grus_virgo,0.2580,0.5339,8.0219,1,1
GRUIFORMES,Rallidae,Amaurornis_bicolor,0.1065,0.3781,3.3563,1,4
GRUIFORMES,Rallidae,Amaurornis_flavirostra,0.1262,0.3695,3.1835,1,4
GRUIFORMES,Rallidae,Amaurornis_olivaceus,0.0625,0.3435,4.0018,1,4
GRUIFORMES,Rallidae,Amaurornis_phoenicurus,0.1139,0.3505,4.0812,2,12
GRUIFORMES,Rallidae,Aramides_cajanea,0.2040,0.4820,4.8783,1,2
GRUIFORMES,Rallidae,Crex_crex,0.2019,0.4985,3.8930,2,16
GRUIFORMES,Rallidae,Fulica_americana,0.2182,0.4966,4.8785,63,575
GRUIFORMES,Rallidae,Fulica_armillata,0.2406,0.5558,6.2788,1,4
GRUIFORMES,Rallidae,Fulica_atra,0.2244,0.4991,5.5796,5,27
GRUIFORMES,Rallidae,Fulica_cristata,0.2113,0.4077,5.4057,1,7
GRUIFORMES,Rallidae,Gallicrex_cinerea,0.1658,0.4127,4.5638,1,3
GRUIFORMES,Rallidae,Gallinula_chloropus,0.1548,0.4251,4.4020,22,169
GRUIFORMES,Rallidae,Gallirallus_philippensis,0.0940,0.3052,3.5203,1,6
GRUIFORMES,Rallidae,Gallirallus_striatus,0.0952,0.3332,3.4524,5,20
GRUIFORMES,Rallidae,Gallirallus_torquatus,0.1216,0.2877,3.7693,2,8
GRUIFORMES,Rallidae,Laterallus_jamaicensis,0.0829,0.3370,2.5669,6,32
GRUIFORMES,Rallidae,Lewinia_pectoralis,0.1099,0.4353,4.0404,1,4
GRUIFORMES,Rallidae,Neocrex_erythrops,0.0784,0.3050,3.2485,2,3
GRUIFORMES,Rallidae,Porphyrio_martinica,0.1281,0.4320,4.0905,11,63
GRUIFORMES,Rallidae,Porphyrio_porphyrio,0.1149,0.3732,5.2614,1,4
GRUIFORMES,Rallidae,Porphyrio_porphyrio1,0.1612,0.4521,4.9788,3,18
GRUIFORMES,Rallidae,Porzana_carolina,0.1522,0.4208,3.1632,26,270
GRUIFORMES,Rallidae,Porzana_cinerea,0.1140,0.3991,3.0439,2,7
GRUIFORMES,Rallidae,Porzana_fusca,0.0198,0.3602,2.9551,1,2
GRUIFORMES,Rallidae,Porzana_porzana,0.1776,0.4319,3.3752,1,7
GRUIFORMES,Rallidae,Porzana_pusilla,0.1117,0.3466,2.8217,2,12
GRUIFORMES,Rallidae,Rallus_elegans,0.1288,0.3647,4.1919,6,61
GRUIFORMES,Rallidae,Rallus_limicola,0.1409,0.3781,3.2155,11,94
GRUIFORMES,Rallidae,Rallus_longirostris,0.1265,0.4197,4.3943,91,713
OTIDIFORMES,Otididae,Eupodotis_caerulescens,0.0903,0.3934,6.0853,1,2
OTIDIFORMES,Otididae,Eupodotis_ruficrista,0.0762,0.3007,7.0777,2,4
OTIDIFORMES,Otididae,Otis_tarda,0.0793,0.4923,8.4211,3,5
PASSERIFORMES,Acanthizidae,Acanthiza_chrysorrhoa,0.1476,0.4862,1.8181,2,6
PASSERIFORMES,Acanthizidae,Acanthiza_pusilla,0.1328,0.3564,1.6613,1,3
PASSERIFORMES,Acanthizidae,Gerygone_sulphurea,0.2094,0.5098,1.6726,2,4
PASSERIFORMES,Acanthizidae,Smicrornis_brevirostris,0.0358,0.3207,1.4589,1,2
PASSERIFORMES,Acrocephalidae,Acrocephalus_arundinaceus,0.1620,0.4227,2.2170,4,20
PASSERIFORMES,Acrocephalidae,Acrocephalus_gracilirostris,0.2023,0.4091,1.9273,1,2
PASSERIFORMES,Acrocephalidae,Acrocephalus_palustris,0.1421,0.3781,1.8426,1,5
PASSERIFORMES,Acrocephalidae,Acrocephalus_schoenobaenus,0.1587,0.3662,1.7430,3,13
PASSERIFORMES,Acrocephalidae,Acrocephalus_scirpaceus,0.1280,0.3826,1.8031,1,5
PASSERIFORMES,Acrocephalidae,Hippolais_icterina,0.1936,0.4469,1.8936,2,11
PASSERIFORMES,Acrocephalidae,Hippolais_polyglotta,0.1129,0.3755,1.8011,2,8
PASSERIFORMES,Aegithalidae,Aegithalos_caudatus,0.1346,0.3397,1.4509,2,9
PASSERIFORMES,Aegithalidae,Psaltriparus_minimus,0.1439,0.3437,1.3706,60,367
PASSERIFORMES,Alaudidae,Alauda_arvensis,0.2211,0.4560,2.3513,10,34
PASSERIFORMES,Alaudidae,Ammomanes_deserti,0.2053,0.4100,2.2884,1,4
PASSERIFORMES,Alaudidae,Ammomanes_phoenicura,0.1545,0.4350,2.1175,1,3
PASSERIFORMES,Alaudidae,Calandrella_cinerea,0.1729,0.3997,2.0308,8,20
PASSERIFORMES,Alaudidae,Certhilauda_curvirostris,0.1766,0.4284,2.4522,1,2
PASSERIFORMES,Alaudidae,Chersomanes_albofasciata,0.1778,0.4927,2.1009,2,5
PASSERIFORMES,Alaudidae,Eremophila_alpestris,0.1542,0.3826,2.1190,69,232
PASSERIFORMES,Alaudidae,Galerida_cristata,0.1753,0.4578,2.2639,1,5
PASSERIFORMES,Alaudidae,Galerida_magnirostris,0.1655,0.4205,2.3200,2,5
PASSERIFORMES,Alaudidae,Lullula_arborea,0.1439,0.3748,2.2050,2,8
PASSERIFORMES,Alaudidae,Melanocorypha_mongolica,0.1910,0.3769,2.3418,1,5
PASSERIFORMES,Alaudidae,Mirafra_africana,0.1597,0.4312,2.1997,1,3
PASSERIFORMES,Alaudidae,Mirafra_javanica,0.1144,0.2895,1.9523,4,12
PASSERIFORMES,Artamidae,Artamus_cyanopterus,0.1885,0.3642,2.2028,2,6
PASSERIFORMES,Artamidae,Artamus_leucorynchus,0.2306,0.4063,2.3824,3,8
PASSERIFORMES,Artamidae,Artamus_personatus,0.0549,0.3489,2.1846,1,2
PASSERIFORMES,Artamidae,Artamus_superciliosus,0.2285,0.3471,2.2885,1,2
PASSERIFORMES,Artamidae,Cracticus_nigrogularis,0.2424,0.4286,3.5144,1,3
PASSERIFORMES,Artamidae,Cracticus_torquatus,0.2036,0.3818,2.9960,2,5
PASSERIFORMES,Artamidae,Gymnorhina_tibicen,0.2389,0.4477,3.7465,1,4
PASSERIFORMES,Bombycillidae,Bombycilla_cedrorum,0.2171,0.4217,2.1740,19,80
PASSERIFORMES,Bombycillidae,Bombycilla_garrulus,0.2111,0.4330,2.4754,7,31
PASSERIFORMES,Calcariidae,Calcarius_lapponicus,0.1631,0.3921,2.0766,16,73
PASSERIFORMES,Calcariidae,Calcarius_mccownii,0.1233,0.3907,1.9468,2,9
PASSERIFORMES,Calcariidae,Calcarius_ornatus,0.1607,0.3332,1.8358,6,25
PASSERIFORMES,Calcariidae,Plectrophenax_nivalis,0.1972,0.4048,2.2715,16,79
PASSERIFORMES,Cardinalidae,Cardinalis_cardinalis,0.1430,0.3801,2.4691,50,162
PASSERIFORMES,Cardinalidae,Cardinalis_sinuatus,0.1227,0.3805,2.4080,10,33
PASSERIFORMES,Cardinalidae,Cyanocompsa_brissonii,0.1841,0.4866,2.3780,1,3
PASSERIFORMES,Cardinalidae,Cyanocompsa_cyanoides,0.1122,0.3177,2.1666,1,3
PASSERIFORMES,Cardinalidae,Passerina_amoena,0.1469,0.3585,1.8495,22,72
PASSERIFORMES,Cardinalidae,Passerina_caerulea,0.1219,0.3402,2.1991,12,42
PASSERIFORMES,Cardinalidae,Passerina_ciris,0.1147,0.3236,1.8900,13,48
PASSERIFORMES,Cardinalidae,Passerina_cyanea,0.1276,0.3557,1.8907,12,46
PASSERIFORMES,Cardinalidae,Passerina_versicolor,0.1060,0.3624,2.0426,1,2
PASSERIFORMES,Cardinalidae,Pheucticus_ludovicianus,0.1679,0.3798,2.4202,10,34
PASSERIFORMES,Cardinalidae,Pheucticus_melanocephalus,0.1711,0.4088,2.4534,62,198
PASSERIFORMES,Cardinalidae,Piranga_flava,0.1375,0.3591,2.4258,3,10
PASSERIFORMES,Cardinalidae,Piranga_ludoviciana,0.1466,0.3679,2.2365,11,42
PASSERIFORMES,Cardinalidae,Piranga_olivacea,0.1854,0.3838,2.2215,6,22
PASSERIFORMES,Cardinalidae,Piranga_rubra,0.1744,0.3748,2.2639,7,25
PASSERIFORMES,Cardinalidae,Spiza_americana,0.1201,0.3225,2.0649,9,43
PASSERIFORMES,Certhiidae,Certhia_americana,0.1473,0.3448,1.5356,24,121
PASSERIFORMES,Certhiidae,Certhia_familiaris,0.1580,0.3432,1.6600,1,6
PASSERIFORMES,Cinclidae,Cinclus_cinclus,0.2819,0.4683,2.5986,4,18
PASSERIFORMES,Cinclidae,Cinclus_mexicanus,0.1994,0.3720,2.4382,13,48
PASSERIFORMES,Cisticolidae,Apalis_jacksoni,0.2120,0.3568,2.0954,1,1
PASSERIFORMES,Cisticolidae,Camaroptera_brachyura,0.1420,0.4558,1.6924,3,9
PASSERIFORMES,Cisticolidae,Cisticola_brunnescens,0.0908,0.3686,1.6410,1,3
PASSERIFORMES,Cisticolidae,Cisticola_cantans,0.1348,0.3895,1.7528,2,6
PASSERIFORMES,Cisticolidae,Cisticola_chiniana,0.1357,0.4033,1.7603,1,3
PASSERIFORMES,Cisticolidae,Cisticola_exilis,0.1143,0.3573,1.5359,2,5
PASSERIFORMES,Cisticolidae,Cisticola_fulvicapilla,0.1104,0.3528,1.5050,1,4
PASSERIFORMES,Cisticolidae,Cisticola_galactotes,0.1190,0.3462,1.6457,3,9
PASSERIFORMES,Cisticolidae,Cisticola_juncidis,0.0871,0.3170,1.5199,3,12
PASSERIFORMES,Cisticolidae,Cisticola_lais,0.1135,0.3617,1.6649,2,8
PASSERIFORMES,Cisticolidae,Cisticola_robustus,0.0808,0.3803,1.8752,2,8
PASSERIFORMES,Cisticolidae,Cisticola_subruficapilla,0.0653,0.2749,1.5853,1,4
PASSERIFORMES,Cisticolidae,Cisticola_tinniens,0.0898,0.3088,1.5466,1,3
PASSERIFORMES,Cisticolidae,Malcorus_pectoralis,0.1207,0.4135,1.5905,1,4
PASSERIFORMES,Cisticolidae,Orthotomus_atrogularis,0.1691,0.3792,1.5346,2,7
PASSERIFORMES,Cisticolidae,Orthotomus_sutorius,0.1420,0.4046,1.5357,4,14
PASSERIFORMES,Cisticolidae,Prinia_atrogularis,0.0989,0.3642,1.6939,15,48
PASSERIFORMES,Cisticolidae,Prinia_crinigera,0.0733,0.3547,1.7001,15,52
PASSERIFORMES,Cisticolidae,Prinia_familiaris,0.1376,0.3981,1.6887,1,3
PASSERIFORMES,Cisticolidae,Prinia_flaviventris,0.1430,0.4219,1.7958,2,7
PASSERIFORMES,Cisticolidae,Prinia_gracilis,0.1353,0.3619,1.4590,11,32
PASSERIFORMES,Cisticolidae,Prinia_inornata,0.1278,0.4062,1.5425,6,26
PASSERIFORMES,Cisticolidae,Prinia_maculosa,0.1548,0.4481,1.6263,5,18
PASSERIFORMES,Cisticolidae,Prinia_rufescens,0.1218,0.3783,1.6174,2,7
PASSERIFORMES,Cisticolidae,Prinia_subflava,0.1113,0.3148,1.4874,3,9
PASSERIFORMES,Cisticolidae,Prinia_sylvatica,0.1187,0.3965,1.7504,2,8
PASSERIFORMES,Corvidae,Aphelocoma_californica,0.1543,0.3680,2.7549,106,442
PASSERIFORMES,Corvidae,Aphelocoma_coerulescens,0.1308,0.3539,2.7326,3,10
PASSERIFORMES,Corvidae,Aphelocoma_ultramarina,0.1651,0.3855,2.9762,15,59
PASSERIFORMES,Corvidae,Cissa_chinensis,0.2129,0.4065,3.1803,1,5
PASSERIFORMES,Corvidae,Corvus_bennetti,0.1435,0.4232,4.2541,1,2
PASSERIFORMES,Corvidae,Corvus_brachyrhynchos,0.2216,0.4426,4.1272,72,295
PASSERIFORMES,Corvidae,Corvus_corax,0.2355,0.5033,4.7772,38,179
PASSERIFORMES,Corvidae,Corvus_corone,0.2035,0.4238,4.2014,8,39
PASSERIFORMES,Corvidae,Corvus_cryptoleucus,0.2260,0.4929,4.3915,27,147
PASSERIFORMES,Corvidae,Corvus_frugilegus,0.1873,0.3837,3.8002,8,32
PASSERIFORMES,Corvidae,Corvus_macrorhynchos,0.2249,0.4454,4.1426,5,18
PASSERIFORMES,Corvidae,Corvus_monedula,0.1898,0.4273,3.3777,4,23
PASSERIFORMES,Corvidae,Corvus_ossifragus,0.1815,0.3844,3.6580,9,40
PASSERIFORMES,Corvidae,Cyanocitta_cristata,0.1406,0.3804,2.8110,41,180
PASSERIFORMES,Corvidae,Cyanocitta_stelleri,0.1744,0.3995,3.0402,35,128
PASSERIFORMES,Corvidae,Cyanocorax_morio,0.2700,0.5563,3.6010,2,10
PASSERIFORMES,Corvidae,Cyanocorax_yncas,0.2054,0.3812,2.7679,3,11
PASSERIFORMES,Corvidae,Cyanopica_cyanus,0.1938,0.3483,2.6981,5,30
PASSERIFORMES,Corvidae,Garrulus_glandarius,0.1704,0.4179,3.2388,5,24
PASSERIFORMES,Corvidae,Gymnorhinus_cyanocephalus,0.1783,0.4113,2.9728,5,22
PASSERIFORMES,Corvidae,Nucifraga_caryocatactes,0.1105,0.4458,3.4690,1,2
PASSERIFORMES,Corvidae,Nucifraga_columbiana,0.1346,0.3861,3.1849,1,1
PASSERIFORMES,Corvidae,Perisoreus_canadensis,0.2373,0.4658,3.0132,1,4
PASSERIFORMES,Corvidae,Perisoreus_infaustus,0.1929,0.4492,3.0891,1,4
PASSERIFORMES,Corvidae,Pica_hudsonia,0.1770,0.4140,3.5341,23,153
PASSERIFORMES,Corvidae,Pica_nuttalli,0.1631,0.4134,3.4630,55,350
PASSERIFORMES,Corvidae,Pica_pica,0.1739,0.4544,3.4812,12,71
PASSERIFORMES,Cotingidae,Phytotoma_rutila,0.1882,0.3806,2.2906,2,5
PASSERIFORMES,Cotingidae,Pipreola_riefferii,0.1951,0.2844,2.5619,1,2
PASSERIFORMES,Dicaeidae,Dicaeum_pectorale,0.2575,0.4617,1.6541,1,2
PASSERIFORMES,Dicruridae,Dicrurus_adsimilis,0.1598,0.3904,2.3682,1,3
PASSERIFORMES,Dicruridae,Dicrurus_aeneus,0.2119,0.3127,1.9591,1,3
PASSERIFORMES,Dicruridae,Dicrurus_hottentottus,0.1705,0.3634,2.5998,4,15
PASSERIFORMES,Dicruridae,Dicrurus_leucophaeus,0.1497,0.3577,2.4375,8,26
PASSERIFORMES,Dicruridae,Dicrurus_macrocercus,0.1592,0.3502,2.4771,5,19
PASSERIFORMES,Dicruridae,Dicrurus_remifer,0.2034,0.3941,2.3763,1,3
PASSERIFORMES,Emberizidae,Emberiza_cioides,0.1078,0.2593,1.9545,2,9
PASSERIFORMES,Emberizidae,Emberiza_cirlus,0.1237,0.3092,2.0214,1,4
PASSERIFORMES,Emberizidae,Emberiza_citrinella,0.1392,0.3311,2.0694,12,47
PASSERIFORMES,Emberizidae,Emberiza_flaviventris,0.2113,0.4382,1.9875,2,6
PASSERIFORMES,Emberizidae,Emberiza_fucata,0.1161,0.2680,2.0565,1,4
PASSERIFORMES,Emberizidae,Emberiza_impetuani,0.1519,0.3773,1.8021,2,6
PASSERIFORMES,Emberizidae,Emberiza_pusilla,0.0661,0.3489,2.1656,2,7
PASSERIFORMES,Emberizidae,Emberiza_schoeniclus,0.1758,0.3581,1.9238,6,28
PASSERIFORMES,Emberizidae,Emberiza_spodocephala,0.1356,0.3123,1.8190,4,17
PASSERIFORMES,Emberizidae,Miliaria_calandra,0.1949,0.4509,2.4385,4,17
PASSERIFORMES,Estrildidae,Amadina_erythrocephala,0.0614,0.2534,1.9096,1,6
PASSERIFORMES,Estrildidae,Estrilda_astrild,0.0731,0.3420,1.3861,3,18
PASSERIFORMES,Estrildidae,Estrilda_nonnula,0.0560,0.3341,1.3994,1,2
PASSERIFORMES,Estrildidae,Lagonosticta_senegala,0.0365,0.2272,1.3568,1,3
PASSERIFORMES,Estrildidae,Lonchura_atricapilla,0.0901,0.3523,1.5823,5,19
PASSERIFORMES,Estrildidae,Lonchura_cucullata,0.0925,0.3946,1.4426,2,9
PASSERIFORMES,Estrildidae,Lonchura_maja,0.0446,0.3013,1.4134,2,6
PASSERIFORMES,Estrildidae,Lonchura_malacca,0.0567,0.3050,1.4423,2,14
PASSERIFORMES,Estrildidae,Lonchura_punctulata,0.0925,0.3980,1.5213,6,31
PASSERIFORMES,Estrildidae,Lonchura_striata,0.0997,0.3503,1.4820,1,3
PASSERIFORMES,Estrildidae,Ortygospiza_atricollis,0.1170,0.2665,1.4965,1,4
PASSERIFORMES,Estrildidae,Padda_oryzivora,0.1001,0.3887,1.8818,1,8
PASSERIFORMES,Eurylaimidae,Cymbirhynchus_macrorhynchos,0.2198,0.4143,2.7104,1,3
PASSERIFORMES,Eurylaimidae,Psarisomus_dalhousiae,0.2044,0.4284,2.6502,6,33
PASSERIFORMES,Eurylaimidae,Serilophus_lunatus,0.1622,0.3144,2.2538,2,7
PASSERIFORMES,Fringillidae,Carduelis_cannabina,0.1452,0.3894,1.8298,6,27
PASSERIFORMES,Fringillidae,Carduelis_chloris,0.1502,0.3648,1.9337,10,44
PASSERIFORMES,Fringillidae,Carduelis_flammea,0.1282,0.3297,1.5749,5,22
PASSERIFORMES,Fringillidae,Carduelis_flammea1,0.1494,0.3395,1.6882,4,17
PASSERIFORMES,Fringillidae,Carduelis_flavirostris,0.1381,0.3563,1.7193,2,9
PASSERIFORMES,Fringillidae,Carduelis_hornemanni,0.1509,0.3651,1.6659,4,14
PASSERIFORMES,Fringillidae,Carduelis_lawrencei,0.0939,0.2700,1.4616,6,26
PASSERIFORMES,Fringillidae,Carduelis_pinus,0.1645,0.3655,1.6689,18,67
PASSERIFORMES,Fringillidae,Carduelis_psaltria,0.1398,0.3251,1.5289,35,132
PASSERIFORMES,Fringillidae,Carduelis_spinus,0.1488,0.3408,1.6882,1,5
PASSERIFORMES,Fringillidae,Carduelis_tristis,0.1468,0.3148,1.6018,35,164
PASSERIFORMES,Fringillidae,Carpodacus_cassinii,0.1847,0.3656,2.0182,9,35
PASSERIFORMES,Fringillidae,Carpodacus_erythrinus,0.2141,0.4863,2.1700,3,10
PASSERIFORMES,Fringillidae,Carpodacus_mexicanus,0.1689,0.3760,1.9210,111,503
PASSERIFORMES,Fringillidae,Carpodacus_purpureus,0.1937,0.3757,1.9576,12,46
PASSERIFORMES,Fringillidae,Coccothraustes_coccothraustes,0.1872,0.4567,2.4508,4,20
PASSERIFORMES,Fringillidae,Coccothraustes_vespertinus,0.2016,0.4608,2.4960,1,3
PASSERIFORMES,Fringillidae,Fringilla_coelebs,0.1515,0.3532,1.9394,8,34
PASSERIFORMES,Fringillidae,Fringilla_montifringilla,0.2204,0.3594,1.9553,3,17
PASSERIFORMES,Fringillidae,Hemignathus_virens,0.1375,0.3124,1.7428,1,1
PASSERIFORMES,Fringillidae,Leucosticte_tephrocotis,0.1967,0.3707,2.3058,5,21
PASSERIFORMES,Fringillidae,Loxia_curvirostra,0.1681,0.4001,2.1880,3,10
PASSERIFORMES,Fringillidae,Pinicola_enucleator,0.2019,0.4747,2.5593,7,26
PASSERIFORMES,Fringillidae,Pyrrhula_pyrrhula,0.1621,0.4149,2.0049,5,22
PASSERIFORMES,Fringillidae,Serinus_alario,0.1443,0.4671,1.7192,1,3
PASSERIFORMES,Fringillidae,Serinus_albogularis,0.1262,0.3713,1.9899,2,9
PASSERIFORMES,Fringillidae,Serinus_canaria,0.1442,0.3424,1.7865,3,11
PASSERIFORMES,Fringillidae,Serinus_canicollis,0.1523,0.4253,1.8642,1,4
PASSERIFORMES,Fringillidae,Serinus_flaviventris,0.1582,0.3623,1.7469,1,4
PASSERIFORMES,Fringillidae,Serinus_gularis,0.1475,0.3363,1.8314,1,3
PASSERIFORMES,Fringillidae,Serinus_mozambicus,0.1059,0.3872,1.7358,3,10
PASSERIFORMES,Fringillidae,Serinus_striolatus,0.1403,0.4180,2.0094,2,6
PASSERIFORMES,Fringillidae,Serinus_sulphuratus,0.1442,0.3845,1.9867,2,6
PASSERIFORMES,Fringillidae,Telespiza_cantans,0.1605,0.3724,1.9485,1,3
PASSERIFORMES,Furnariidae,Asthenes_pyrrholeuca,0.1079,0.4011,2.1152,1,3
PASSERIFORMES,Furnariidae,Certhiaxis_cinnamomeus,0.0990,0.3122,1.9189,2,9
PASSERIFORMES,Furnariidae,Cranioleuca_pyrrhophia,0.1198,0.3176,1.9131,1,2
PASSERIFORMES,Furnariidae,Furnarius_cristatus,0.1321,0.4341,2.3335,1,2
PASSERIFORMES,Furnariidae,Furnarius_rufus,0.1299,0.4090,2.8403,2,6
PASSERIFORMES,Furnariidae,Phacellodomus_rufifrons,0.1723,0.2881,2.1564,1,2
PASSERIFORMES,Furnariidae,Pseudoseisura_lophotes,0.0728,0.3396,2.6069,1,2
PASSERIFORMES,Furnariidae,Synallaxis_albescens,0.1249,0.3244,1.9526,2,10
PASSERIFORMES,Furnariidae,Synallaxis_azarae,0.1164,0.3228,1.9577,3,9
PASSERIFORMES,Furnariidae,Synallaxis_azarae1,0.1285,0.2790,1.9584,2,3
PASSERIFORMES,Furnariidae,Synallaxis_brachyura,0.1418,0.2773,2.0415,1,2
PASSERIFORMES,Furnariidae,Synallaxis_erythrothorax,0.0854,0.3046,1.9907,1,2
PASSERIFORMES,Furnariidae,Synallaxis_frontalis,0.1271,0.3396,2.0489,2,7
PASSERIFORMES,Furnariidae,Synallaxis_spixi,0.0822,0.2318,1.8900,1,2
PASSERIFORMES,Furnariidae,Tarphonomus_certhioides,0.1544,0.3074,2.3704,1,2
PASSERIFORMES,Hirundinidae,Delichon_urbicum,0.2503,0.5050,1.9630,4,17
PASSERIFORMES,Hirundinidae,Hirundo_abyssinica,0.1737,0.4566,1.9351,2,6
PASSERIFORMES,Hirundinidae,Hirundo_albigularis,0.2666,0.4417,1.9846,3,9
PASSERIFORMES,Hirundinidae,Hirundo_angolensis,0.2114,0.3645,1.9571,1,3
PASSERIFORMES,Hirundinidae,Hirundo_daurica,0.1132,0.4513,2.1730,1,4
PASSERIFORMES,Hirundinidae,Hirundo_nigrita,0.1649,0.3739,1.7749,2,6
PASSERIFORMES,Hirundinidae,Hirundo_rustica,0.2226,0.4358,1.9450,45,194
PASSERIFORMES,Hirundinidae,Hirundo_senegalensis,0.1731,0.5746,2.4315,1,3
PASSERIFORMES,Hirundinidae,Hirundo_spilodera,0.2664,0.5255,2.1195,2,6
PASSERIFORMES,Hirundinidae,Petrochelidon_pyrrhonota,0.2246,0.4587,2.0354,71,281
PASSERIFORMES,Hirundinidae,Progne_subis,0.2139,0.4357,2.4726,14,65
PASSERIFORMES,Hirundinidae,Riparia_paludicola,0.1148,0.3981,1.6637,2,7
PASSERIFORMES,Hirundinidae,Riparia_riparia,0.1865,0.4022,1.7483,27,123
PASSERIFORMES,Hirundinidae,Stelgidopteryx_ruficollis,0.1936,0.4416,1.8540,17,89
PASSERIFORMES,Hirundinidae,Tachycineta_bicolor,0.1827,0.4392,1.8604,36,186
PASSERIFORMES,Hirundinidae,Tachycineta_thalassina,0.1920,0.4426,1.8560,10,47
PASSERIFORMES,Icteridae,Agelaius_humeralis,0.2727,0.6262,2.7239,2,6
PASSERIFORMES,Icteridae,Agelaius_phoeniceus,0.1485,0.4083,2.4647,300,1139
PASSERIFORMES,Icteridae,Agelaius_tricolor,0.1648,0.4156,2.4590,63,226
PASSERIFORMES,Icteridae,Chrysomus_ruficapillus,0.1427,0.4099,2.3028,3,9
PASSERIFORMES,Icteridae,Dolichonyx_oryzivorus,0.1575,0.3635,2.1076,12,61
PASSERIFORMES,Icteridae,Euphagus_carolinus,0.1566,0.4086,2.6446,5,26
PASSERIFORMES,Icteridae,Euphagus_cyanocephalus,0.1331,0.3878,2.5651,217,1026
PASSERIFORMES,Icteridae,Icteria_virens,0.1195,0.3247,2.2062,37,145
PASSERIFORMES,Icteridae,Icterus_bullockii,0.1856,0.4702,2.3285,36,161
PASSERIFORMES,Icteridae,Icterus_cucullatus,0.2071,0.4764,2.2748,24,88
PASSERIFORMES,Icteridae,Icterus_galbula,0.2040,0.4651,2.3117,10,40
PASSERIFORMES,Icteridae,Icterus_parisorum,0.1870,0.4119,2.4097,9,29
PASSERIFORMES,Icteridae,Icterus_spurius,0.1575,0.4094,2.0218,18,81
PASSERIFORMES,Icteridae,Icterus_wagleri,0.2323,0.5757,2.7862,1,3
PASSERIFORMES,Icteridae,Quiscalus_lugubris,0.1605,0.4609,2.6941,3,6
PASSERIFORMES,Icteridae,Quiscalus_major,0.1999,0.4674,3.2000,10,29
PASSERIFORMES,Icteridae,Quiscalus_mexicanus,0.2029,0.4940,3.2526,25,87
PASSERIFORMES,Icteridae,Quiscalus_quiscula,0.1628,0.3893,2.9031,31,142
PASSERIFORMES,Icteridae,Sturnella_magna,0.1398,0.3714,2.8468,25,115
PASSERIFORMES,Icteridae,Sturnella_militaris,0.1292,0.4356,3.0815,1,4
PASSERIFORMES,Icteridae,Sturnella_neglecta,0.1351,0.3829,2.8417,53,246
PASSERIFORMES,Icteridae,Xanthocephalus_xanthocephalus,0.1766,0.4655,2.6237,83,317
PASSERIFORMES,Laniidae,Lanius_bucephalus,0.1519,0.4161,2.5546,1,3
PASSERIFORMES,Laniidae,Lanius_collaris,0.1638,0.3378,2.3212,8,29
PASSERIFORMES,Laniidae,Lanius_collurio,0.1618,0.3788,2.2564,3,16
PASSERIFORMES,Laniidae,Lanius_cristatus,0.1606,0.3591,2.2539,8,41
PASSERIFORMES,Laniidae,Lanius_excubitoroides,0.1849,0.3074,2.4652,1,3
PASSERIFORMES,Laniidae,Lanius_ludovicianus,0.1688,0.3458,2.4418,117,615
PASSERIFORMES,Laniidae,Lanius_schach,0.1208,0.2925,2.2342,18,69
PASSERIFORMES,Laniidae,Lanius_tigrinus,0.1616,0.3508,2.1702,1,2
PASSERIFORMES,Laniidae,Lanius_vittatus,0.1223,0.2972,1.9922,2,8
PASSERIFORMES,Laniidae,Urolestes_melanoleucus,0.1671,0.3882,2.7232,1,4
PASSERIFORMES,Leiotrichidae,Actinodura_egertoni,0.1386,0.3557,2.3600,2,6
PASSERIFORMES,Leiotrichidae,Alcippe_nipalensis,0.1526,0.3144,1.8119,4,16
PASSERIFORMES,Leiotrichidae,Garrulax_delesserti,0.0812,0.3107,2.7292,2,5
PASSERIFORMES,Leiotrichidae,Garrulax_erythrocephalus,0.1745,0.3924,2.9084,2,5
PASSERIFORMES,Leiotrichidae,Garrulax_galbanus,0.1051,0.2929,2.4430,1,3
PASSERIFORMES,Leiotrichidae,Garrulax_lineatus,0.1262,0.4169,2.6094,1,3
PASSERIFORMES,Leiotrichidae,Garrulax_pectoralis,0.1691,0.3985,3.0894,2,8
PASSERIFORMES,Leiotrichidae,Garrulax_ruficollis,0.1041,0.2893,2.4859,1,3
PASSERIFORMES,Leiotrichidae,Garrulax_sannio,0.0950,0.3199,2.6786,1,3
PASSERIFORMES,Leiotrichidae,Heterophasia_annectens,0.1412,0.3129,2.0479,2,4
PASSERIFORMES,Leiotrichidae,Heterophasia_capistrata,0.1950,0.3921,2.3228,2,4
PASSERIFORMES,Leiotrichidae,Leiothrix_argentauris,0.1598,0.4682,2.1296,1,3
PASSERIFORMES,Leiotrichidae,Leiothrix_lutea,0.1660,0.3380,2.0849,3,12
PASSERIFORMES,Leiotrichidae,Liocichla_phoenicea,0.1726,0.3247,2.3366,2,6
PASSERIFORMES,Leiotrichidae,Turdoides_aylmeri,0.0852,0.3931,2.4336,1,2
PASSERIFORMES,Leiotrichidae,Turdoides_caudata,0.1324,0.4115,2.2409,1,4
PASSERIFORMES,Leiotrichidae,Turdoides_hypoleuca,0.1211,0.3904,2.6414,1,3
PASSERIFORMES,Leiotrichidae,Turdoides_jardineii,0.1204,0.3880,2.5634,1,4
PASSERIFORMES,Leiotrichidae,Turdoides_malcolmi,0.1237,0.3179,2.5768,1,5
PASSERIFORMES,Locustellidae,Bradypterus_baboecala,0.1375,0.3688,1.9496,3,7
PASSERIFORMES,Locustellidae,Locustella_naevia,0.1257,0.3610,1.7474,1,6
PASSERIFORMES,Locustellidae,Megalurus_gramineus,0.1271,0.3147,1.7547,1,3
PASSERIFORMES,Locustellidae,Megalurus_palustris,0.1511,0.3600,2.1905,5,13
PASSERIFORMES,Macrosphenidae,Sylvietta_rufescens,0.1478,0.4514,1.8922,1,2
PASSERIFORMES,Macrosphenidae,Sylvietta_virens,0.1983,0.4316,1.6661,1,2
PASSERIFORMES,Malaconotidae,Tchagra_senegalus,0.1879,0.3720,2.3926,3,9
PASSERIFORMES,Malaconotidae,Telophorus_zeylonus,0.1089,0.3261,2.5352,8,24
PASSERIFORMES,Maluridae,Malurus_cyaneus,0.1433,0.3797,1.6338,1,3
PASSERIFORMES,Meliphagidae,Anthochaera_carunculata,0.1653,0.3791,2.9406,2,4
PASSERIFORMES,Meliphagidae,Lichenostomus_melanops,0.0732,0.4008,2.1476,1,2
PASSERIFORMES,Meliphagidae,Manorina_flavigula,0.2060,0.3876,2.4335,1,2
PASSERIFORMES,Meliphagidae,Manorina_melanophrys,0.1759,0.4560,2.2504,1,2
PASSERIFORMES,Meliphagidae,Philemon_citreogularis,0.1716,0.4572,2.6156,1,3
PASSERIFORMES,Meliphagidae,Phylidonyris_novaehollandiae,0.1825,0.4117,2.0747,2,4
PASSERIFORMES,Mimidae,Dumetella_carolinensis,0.1099,0.3489,2.3090,43,166
PASSERIFORMES,Mimidae,Mimus_gilvus,0.1974,0.4616,2.8160,1,3
PASSERIFORMES,Mimidae,Mimus_polyglottos,0.1381,0.3555,2.4496,67,257
PASSERIFORMES,Mimidae,Oreoscoptes_montanus,0.1414,0.3773,2.4629,28,113
PASSERIFORMES,Mimidae,Toxostoma_bendirei,0.1711,0.4052,2.6285,52,160
PASSERIFORMES,Mimidae,Toxostoma_cinereum,0.1261,0.4952,2.9244,2,2
PASSERIFORMES,Mimidae,Toxostoma_crissale,0.1851,0.4282,2.6921,23,62
PASSERIFORMES,Mimidae,Toxostoma_curvirostre,0.1650,0.4244,2.8429,54,169
PASSERIFORMES,Mimidae,Toxostoma_lecontei,0.1845,0.4185,2.7063,19,57
PASSERIFORMES,Mimidae,Toxostoma_longirostre,0.1496,0.3615,2.7269,6,23
PASSERIFORMES,Mimidae,Toxostoma_redivivum,0.1965,0.4918,3.0832,41,121
PASSERIFORMES,Mimidae,Toxostoma_rufum,0.1219,0.3583,2.6591,38,157
PASSERIFORMES,Monarchidae,Grallina_cyanoleuca,0.2182,0.3712,2.8296,1,3
PASSERIFORMES,Monarchidae,Hypothymis_azurea,0.1278,0.3207,1.7090,1,4
PASSERIFORMES,Monarchidae,Monarcha_takatsukasae,0.1205,0.3249,1.9517,1,2
PASSERIFORMES,Monarchidae,Myiagra_azureocapilla,0.1925,0.3840,1.9488,1,1
PASSERIFORMES,Monarchidae,Terpsiphone_paradisi,0.1133,0.3284,2.0642,1,4
PASSERIFORMES,Monarchidae,Terpsiphone_viridis,0.2120,0.3812,1.8683,4,9
PASSERIFORMES,Motacillidae,Anthus_campestris,0.1715,0.3847,2.0899,1,5
PASSERIFORMES,Motacillidae,Anthus_novaeseelandiae,0.1499,0.3781,2.0967,5,15
PASSERIFORMES,Motacillidae,Anthus_petrosus,0.2693,0.4549,2.1519,1,4
PASSERIFORMES,Motacillidae,Anthus_pratensis,0.1727,0.3820,1.9812,9,39
PASSERIFORMES,Motacillidae,Anthus_rubescens,0.1509,0.3553,1.9258,5,22
PASSERIFORMES,Motacillidae,Anthus_trivialis,0.1375,0.3460,2.0044,5,23
PASSERIFORMES,Motacillidae,Macronyx_ameliae,0.1388,0.2996,2.0479,1,4
PASSERIFORMES,Motacillidae,Macronyx_capensis,0.1540,0.3142,2.2384,2,6
PASSERIFORMES,Motacillidae,Macronyx_croceus,0.1918,0.3854,2.3641,2,6
PASSERIFORMES,Motacillidae,Motacilla_aguimp,0.0920,0.2921,1.9124,1,1
PASSERIFORMES,Motacillidae,Motacilla_alba,0.1633,0.3470,1.9996,3,17
PASSERIFORMES,Motacillidae,Motacilla_capensis,0.1782,0.3918,2.0927,4,13
PASSERIFORMES,Motacillidae,Motacilla_cinerea,0.1830,0.3411,1.9338,7,36
PASSERIFORMES,Motacillidae,Motacilla_citreola,0.1694,0.3551,2.0225,2,8
PASSERIFORMES,Motacillidae,Motacilla_flava,0.1789,0.3115,1.7843,2,9
PASSERIFORMES,Muscicapidae,Brachypteryx_leucophrys,0.1807,0.4111,2.0242,2,8
PASSERIFORMES,Muscicapidae,Bradornis_infuscatus,0.2576,0.4529,2.4683,1,3
PASSERIFORMES,Muscicapidae,Bradornis_pallidus,0.1464,0.4034,2.0905,2,5
PASSERIFORMES,Muscicapidae,Cercomela_familiaris,0.1430,0.3828,2.0989,1,3
PASSERIFORMES,Muscicapidae,Cercomela_sinuata,0.1539,0.3186,1.9264,2,6
PASSERIFORMES,Muscicapidae,Cinclidium_leucurum,0.1025,0.2885,2.2450,1,4
PASSERIFORMES,Muscicapidae,Copsychus_malabaricus,0.1482,0.4338,2.2638,1,4
PASSERIFORMES,Muscicapidae,Copsychus_saularis,0.1695,0.3873,2.3494,8,24
PASSERIFORMES,Muscicapidae,Cossypha_caffra,0.0624,0.4369,2.3067,1,2
PASSERIFORMES,Muscicapidae,Enicurus_maculatus,0.2166,0.4787,2.4173,2,7
PASSERIFORMES,Muscicapidae,Enicurus_schistaceus,0.1656,0.3335,2.2559,1,3
PASSERIFORMES,Muscicapidae,Erithacus_rubecula,0.1126,0.2689,1.9635,5,28
PASSERIFORMES,Muscicapidae,Erythropygia_coryphaeus,0.1216,0.3769,2.0067,4,12
PASSERIFORMES,Muscicapidae,Erythropygia_leucophrys,0.1359,0.4069,2.0109,1,3
PASSERIFORMES,Muscicapidae,Eumyias_albicaudatus,0.0689,0.3096,1.8494,1,3
PASSERIFORMES,Muscicapidae,Eumyias_thalassinus,0.1544,0.3513,1.7988,1,4
PASSERIFORMES,Muscicapidae,Ficedula_hypoleuca,0.1609,0.3381,1.8467,1,6
PASSERIFORMES,Muscicapidae,Ficedula_superciliaris,0.1230,0.3669,1.6219,3,11
PASSERIFORMES,Muscicapidae,Ficedula_tricolor,0.1146,0.3409,1.6126,3,9
PASSERIFORMES,Muscicapidae,Hodgsonius_phaenicuroides,0.1420,0.3767,2.0594,1,3
PASSERIFORMES,Muscicapidae,Luscinia_luscinia,0.1345,0.3702,2.0793,1,5
PASSERIFORMES,Muscicapidae,Luscinia_megarhynchos,0.1167,0.4149,2.0741,2,12
PASSERIFORMES,Muscicapidae,Luscinia_svecica,0.1468,0.3257,1.8169,4,23
PASSERIFORMES,Muscicapidae,Melaenornis_pammelaina,0.1557,0.3596,2.3231,1,2
PASSERIFORMES,Muscicapidae,Monticola_cinclorhynchus,0.1101,0.3137,2.2799,1,4
PASSERIFORMES,Muscicapidae,Muscicapa_cassini,0.1795,0.3847,1.7629,1,2
PASSERIFORMES,Muscicapidae,Muscicapa_striata,0.2261,0.4186,1.8910,3,15
PASSERIFORMES,Muscicapidae,Myophonus_caeruleus,0.2233,0.4478,3.4982,3,10
PASSERIFORMES,Muscicapidae,Niltava_sundara,0.2227,0.5071,2.1850,1,4
PASSERIFORMES,Muscicapidae,Oenanthe_hispanica,0.1013,0.2954,1.9652,2,11
PASSERIFORMES,Muscicapidae,Oenanthe_isabellina,0.1648,0.3566,2.0814,2,11
PASSERIFORMES,Muscicapidae,Oenanthe_leucura,0.1708,0.4462,2.4311,1,5
PASSERIFORMES,Muscicapidae,Oenanthe_moesta,0.1323,0.3614,1.9777,1,4
PASSERIFORMES,Muscicapidae,Oenanthe_monticola,0.0702,0.3347,2.3758,1,3
PASSERIFORMES,Muscicapidae,Oenanthe_oenanthe,0.1657,0.3622,2.0965,6,33
PASSERIFORMES,Muscicapidae,Oenanthe_pileata,0.1454,0.3489,2.1798,3,12
PASSERIFORMES,Muscicapidae,Oenanthe_pleschanka,0.0860,0.2659,1.9534,1,5
PASSERIFORMES,Muscicapidae,Phoenicurus_moussieri,0.1128,0.3173,1.9154,1,4
PASSERIFORMES,Muscicapidae,Phoenicurus_ochruros,0.1430,0.3602,1.9425,2,8
PASSERIFORMES,Muscicapidae,Rhyacornis_fuliginosa,0.1055,0.3370,1.9582,2,8
PASSERIFORMES,Muscicapidae,Saxicola_caprata,0.1345,0.2428,1.6729,3,10
PASSERIFORMES,Muscicapidae,Saxicola_torquatus,0.1240,0.3192,1.8414,4,18
PASSERIFORMES,Muscicapidae,Saxicoloides_fulicatus,0.1413,0.2952,1.9148,1,4
PASSERIFORMES,Nectariniidae,Aethopyga_eximia,0.1448,0.3537,1.4171,2,4
PASSERIFORMES,Nectariniidae,Nectarinia_asiatica,0.2135,0.4890,1.6400,3,6
PASSERIFORMES,Nectariniidae,Nectarinia_calcostetha,0.1734,0.4440,1.5359,2,3
PASSERIFORMES,Nectariniidae,Nectarinia_chloropygia,0.1981,0.4282,1.4776,1,2
PASSERIFORMES,Nectariniidae,Nectarinia_cuprea,0.1951,0.4449,1.8044,3,6
PASSERIFORMES,Nectariniidae,Nectarinia_erythrocerca,0.2197,0.5616,1.8259,3,6
PASSERIFORMES,Nectariniidae,Nectarinia_famosa,0.1739,0.4663,1.9383,1,2
PASSERIFORMES,Nectariniidae,Nectarinia_jugularis,0.1377,0.3891,1.5413,2,3
PASSERIFORMES,Nectariniidae,Nectarinia_violacea,0.1878,0.4513,1.7155,1,2
PASSERIFORMES,Oreoicidae,Oreoica_gutturalis,0.1393,0.4899,2.9975,1,2
PASSERIFORMES,Oriolidae,Oriolus_chinensis,0.2499,0.4540,3.1206,4,11
PASSERIFORMES,Oriolidae,Oriolus_monacha,0.2136,0.4906,3.0955,1,2
PASSERIFORMES,Oriolidae,Oriolus_oriolus,0.2662,0.4650,3.1993,1,5
PASSERIFORMES,Oriolidae,Oriolus_sagittatus,0.2544,0.7204,3.8269,1,2
PASSERIFORMES,Oriolidae,Oriolus_xanthonotus,0.2332,0.4794,3.3097,1,2
PASSERIFORMES,Pachycephalidae,Colluricincla_harmonica,0.1353,0.4544,3.0268,3,9
PASSERIFORMES,Pachycephalidae,Pachycephala_rufiventris,0.1704,0.4029,2.1846,1,3
PASSERIFORMES,Paradisaeidae,Paradisaea_apoda,0.3157,0.6695,4.3100,1,1
PASSERIFORMES,Pardalotidae,Pardalotus_punctatus,0.0828,0.3324,1.6292,1,3
PASSERIFORMES,Paridae,Baeolophus_atricristatus,0.1511,0.3306,1.8183,6,35
PASSERIFORMES,Paridae,Baeolophus_bicolor,0.1417,0.3266,1.7992,8,43
PASSERIFORMES,Paridae,Baeolophus_inornatus,0.1423,0.3284,1.7059,29,175
PASSERIFORMES,Paridae,Baeolophus_ridgwayi,0.1621,0.2968,1.7594,2,12
PASSERIFORMES,Paridae,Baeolophus_wollweberi,0.1967,0.3617,1.7879,1,5
PASSERIFORMES,Paridae,Parus_atricapillus,0.1193,0.2897,1.5269,23,149
PASSERIFORMES,Paridae,Parus_caeruleus,0.2146,0.4097,1.5982,2,12
PASSERIFORMES,Paridae,Parus_carolinensis,0.1072,0.2984,1.4788,18,110
PASSERIFORMES,Paridae,Parus_cinctus,0.2268,0.3613,1.7248,1,4
PASSERIFORMES,Paridae,Parus_gambeli,0.1247,0.3098,1.5890,38,247
PASSERIFORMES,Paridae,Parus_hudsonicus,0.1342,0.2904,1.5174,4,24
PASSERIFORMES,Paridae,Parus_major,0.1550,0.3224,1.7510,3,17
PASSERIFORMES,Paridae,Parus_palustris,0.0453,0.3205,1.5182,1,6
PASSERIFORMES,Paridae,Parus_rufescens,0.1245,0.3067,1.5379,18,114
PASSERIFORMES,Paridae,Parus_sclateri,0.1182,0.2844,1.4244,1,6
PASSERIFORMES,Parulidae,Cardellina_rubrifrons,0.0859,0.3021,1.6137,1,4
PASSERIFORMES,Parulidae,Dendroica_caerulescens,0.1470,0.3403,1.6873,15,58
PASSERIFORMES,Parulidae,Dendroica_castanea,0.1628,0.3607,1.6708,2,11
PASSERIFORMES,Parulidae,Dendroica_cerulea,0.1816,0.3233,1.6345,2,7
PASSERIFORMES,Parulidae,Dendroica_chrysoparia,0.1148,0.2931,1.7467,1,2
PASSERIFORMES,Parulidae,Dendroica_coronata,0.1593,0.3466,1.7847,38,156
PASSERIFORMES,Parulidae,Dendroica_discolor,0.1583,0.3580,1.6309,10,41
PASSERIFORMES,Parulidae,Dendroica_dominica,0.1287,0.3220,1.7233,3,11
PASSERIFORMES,Parulidae,Dendroica_fusca,0.1868,0.4399,1.7822,1,4
PASSERIFORMES,Parulidae,Dendroica_magnolia,0.1838,0.3868,1.6290,6,24
PASSERIFORMES,Parulidae,Dendroica_nigrescens,0.1531,0.3572,1.6406,2,7
PASSERIFORMES,Parulidae,Dendroica_occidentalis,0.1383,0.3698,1.6919,2,9
PASSERIFORMES,Parulidae,Dendroica_palmarum,0.1606,0.3191,1.7060,1,4
PASSERIFORMES,Parulidae,Dendroica_pensylvanica,0.1738,0.3750,1.6937,11,44
PASSERIFORMES,Parulidae,Dendroica_petechia,0.1519,0.3363,1.6534,65,248
PASSERIFORMES,Parulidae,Dendroica_pinus,0.1769,0.3930,1.8154,5,19
PASSERIFORMES,Parulidae,Dendroica_striata,0.1766,0.3422,1.7096,2,9
PASSERIFORMES,Parulidae,Dendroica_tigrina,0.2068,0.3951,1.6354,1,7
PASSERIFORMES,Parulidae,Dendroica_virens,0.1883,0.3342,1.6722,3,11
PASSERIFORMES,Parulidae,Geothlypis_beldingi,0.1340,0.2267,1.7951,1,1
PASSERIFORMES,Parulidae,Geothlypis_poliocephala,0.1232,0.2915,1.8405,3,11
PASSERIFORMES,Parulidae,Geothlypis_trichas,0.1299,0.3227,1.7420,46,182
PASSERIFORMES,Parulidae,Helmitheros_vermivorum,0.1203,0.2399,1.7569,4,18
PASSERIFORMES,Parulidae,Limnothlypis_swainsonii,0.1136,0.2961,1.8764,7,24
PASSERIFORMES,Parulidae,Mniotilta_varia,0.1207,0.2856,1.6177,3,12
PASSERIFORMES,Parulidae,Myioborus_miniatus,0.0897,0.3769,1.7028,1,2
PASSERIFORMES,Parulidae,Myioborus_pictus,0.1133,0.2928,1.6705,7,26
PASSERIFORMES,Parulidae,Oporornis_formosus,0.1137,0.2770,1.8911,6,28
PASSERIFORMES,Parulidae,Oporornis_philadelphia,0.1839,0.3427,1.8046,3,12
PASSERIFORMES,Parulidae,Oporornis_tolmiei,0.1343,0.3206,1.7690,17,66
PASSERIFORMES,Parulidae,Parula_americana,0.1690,0.3578,1.5899,7,28
PASSERIFORMES,Parulidae,Protonotaria_citrea,0.0888,0.2349,1.7456,5,25
PASSERIFORMES,Parulidae,Seiurus_aurocapilla,0.1368,0.2935,2.0160,11,52
PASSERIFORMES,Parulidae,Seiurus_motacilla,0.1296,0.2917,1.9755,8,41
PASSERIFORMES,Parulidae,Seiurus_noveboracensis,0.0936,0.2777,1.9139,2,9
PASSERIFORMES,Parulidae,Setophaga_ruticilla,0.1486,0.3406,1.6513,20,76
PASSERIFORMES,Parulidae,Vermivora_celata,0.1323,0.3145,1.6341,16,71
PASSERIFORMES,Parulidae,Vermivora_chrysoptera,0.1153,0.2616,1.5709,6,28
PASSERIFORMES,Parulidae,Vermivora_luciae,0.1031,0.2497,1.4249,4,15
PASSERIFORMES,Parulidae,Vermivora_peregrina,0.1475,0.3024,1.5931,4,21
PASSERIFORMES,Parulidae,Vermivora_pinus,0.1064,0.2836,1.5513,7,35
PASSERIFORMES,Parulidae,Vermivora_ruficapilla,0.1136,0.2543,1.5106,3,12
PASSERIFORMES,Parulidae,Vermivora_virginiae,0.1450,0.2903,1.5761,4,14
PASSERIFORMES,Parulidae,Wilsonia_canadensis,0.0894,0.2907,1.6398,4,15
PASSERIFORMES,Parulidae,Wilsonia_citrina,0.1435,0.3149,1.8003,6,24
PASSERIFORMES,Parulidae,Wilsonia_pusilla,0.1465,0.3101,1.5862,50,208
PASSERIFORMES,Passerellidae,Aimophila_aestivalis,0.1122,0.2929,1.9490,4,17
PASSERIFORMES,Passerellidae,Aimophila_cassinii,0.1258,0.2837,1.9122,2,7
PASSERIFORMES,Passerellidae,Aimophila_ruficauda,0.1167,0.3652,2.2437,1,3
PASSERIFORMES,Passerellidae,Aimophila_ruficeps,0.1296,0.2979,2.0001,9,31
PASSERIFORMES,Passerellidae,Ammodramus_caudacutus,0.1341,0.3014,1.9061,5,21
PASSERIFORMES,Passerellidae,Ammodramus_maritimus,0.1577,0.3555,2.0421,8,29
PASSERIFORMES,Passerellidae,Ammodramus_nelsoni,0.1303,0.3060,1.8747,1,5
PASSERIFORMES,Passerellidae,Ammodramus_savannarum,0.1188,0.3004,1.8591,6,27
PASSERIFORMES,Passerellidae,Amphispiza_belli,0.1166,0.3262,1.8679,27,97
PASSERIFORMES,Passerellidae,Amphispiza_bilineata,0.1167,0.3281,1.8013,17,54
PASSERIFORMES,Passerellidae,Arremonops_conirostris,0.1422,0.3920,2.4873,4,10
PASSERIFORMES,Passerellidae,Arremonops_rufivirgatus,0.1351,0.4092,2.3045,3,13
PASSERIFORMES,Passerellidae,Calamospiza_melanocorys,0.1175,0.2984,2.1287,11,48
PASSERIFORMES,Passerellidae,Chondestes_grammacus,0.0976,0.2809,2.0218,47,183
PASSERIFORMES,Passerellidae,Junco_hyemalis,0.1103,0.3141,1.9360,2,4
PASSERIFORMES,Passerellidae,Junco_hyemalis1,0.1165,0.3315,1.9644,3,12
PASSERIFORMES,Passerellidae,Junco_hyemalis1,0.1248,0.3380,1.9178,23,93
PASSERIFORMES,Passerellidae,Junco_hyemalis1,0.1290,0.3301,1.9415,203,782
PASSERIFORMES,Passerellidae,Junco_phaeonotus,0.0914,0.3631,2.0878,3,9
PASSERIFORMES,Passerellidae,Melospiza_georgiana,0.1415,0.3146,1.8950,6,27
PASSERIFORMES,Passerellidae,Melospiza_lincolnii,0.1643,0.3363,1.9233,61,273
PASSERIFORMES,Passerellidae,Melospiza_melodia,0.1309,0.3258,1.9919,178,645
PASSERIFORMES,Passerellidae,Passerculus_sandwichensis,0.1486,0.3560,1.8799,33,132
PASSERIFORMES,Passerellidae,Passerella_iliaca,0.1258,0.3374,2.2316,36,109
PASSERIFORMES,Passerellidae,Pipilo_aberti,0.1242,0.3588,2.4538,28,91
PASSERIFORMES,Passerellidae,Pipilo_chlorurus,0.1164,0.3255,2.1751,39,143
PASSERIFORMES,Passerellidae,Pipilo_crissalis,0.1196,0.3290,2.4402,93,310
PASSERIFORMES,Passerellidae,Pipilo_erythrophthalmus,0.1102,0.3386,2.3901,17,66
PASSERIFORMES,Passerellidae,Pipilo_fuscus,0.1333,0.3295,2.3600,13,39
PASSERIFORMES,Passerellidae,Pipilo_maculatus,0.1117,0.3178,2.3687,64,229
PASSERIFORMES,Passerellidae,Pooecetes_gramineus,0.1321,0.3244,2.0080,20,79
PASSERIFORMES,Passerellidae,Spizella_atrogularis,0.1187,0.3392,1.7548,10,34
PASSERIFORMES,Passerellidae,Spizella_breweri,0.1518,0.3382,1.6439,24,81
PASSERIFORMES,Passerellidae,Spizella_pallida,0.1601,0.3773,1.6935,3,12
PASSERIFORMES,Passerellidae,Spizella_passerina,0.1647,0.3585,1.7277,106,385
PASSERIFORMES,Passerellidae,Spizella_pusilla,0.1431,0.3336,1.7319,28,107
PASSERIFORMES,Passerellidae,Zonotrichia_albicollis,0.1427,0.3483,2.0902,6,24
PASSERIFORMES,Passerellidae,Zonotrichia_atricapilla,0.1955,0.4214,2.2458,4,19
PASSERIFORMES,Passerellidae,Zonotrichia_capensis,0.1330,0.3440,2.0006,5,14
PASSERIFORMES,Passerellidae,Zonotrichia_leucophrys,0.1462,0.3542,2.1499,187,686
PASSERIFORMES,Passeridae,Passer_domesticus,0.1693,0.4178,2.1393,55,242
PASSERIFORMES,Passeridae,Passer_griseus,0.1168,0.3861,2.0207,1,3
PASSERIFORMES,Passeridae,Passer_iagoensis,0.1180,0.3999,1.9730,2,9
PASSERIFORMES,Passeridae,Passer_melanurus,0.1039,0.3332,1.9161,4,18
PASSERIFORMES,Passeridae,Passer_montanus,0.1506,0.3602,1.9217,8,33
PASSERIFORMES,Passeridae,Passer_rutilans,0.1333,0.4224,1.9894,1,4
PASSERIFORMES,Passeridae,Petronia_xanthocollis,0.1667,0.3776,2.0374,1,4
PASSERIFORMES,Pellorneidae,Alcippe_brunnea,0.1162,0.3223,2.0663,1,3
PASSERIFORMES,Pellorneidae,Alcippe_rufogularis,0.1104,0.3437,1.8636,1,3
PASSERIFORMES,Pellorneidae,Napothera_brevicaudata,0.1428,0.3737,2.1457,1,4
PASSERIFORMES,Pellorneidae,Pellorneum_albiventre,0.0800,0.3271,2.0455,2,8
PASSERIFORMES,Pellorneidae,Pellorneum_ruficeps,0.1196,0.3569,2.1841,2,7
PASSERIFORMES,Pellorneidae,Trichastoma_tickelli,0.0932,0.3066,2.0581,1,3
PASSERIFORMES,Petroicidae,Eopsaltria_australis,0.1653,0.3851,2.1499,2,6
PASSERIFORMES,Petroicidae,Microeca_fascinans,0.1317,0.3467,1.8470,1,2
PASSERIFORMES,Petroicidae,Petroica_multicolor,0.0844,0.3397,1.8918,1,3
PASSERIFORMES,Phylloscopidae,Phylloscopus_collybita,0.1237,0.3123,1.4878,3,13
PASSERIFORMES,Phylloscopidae,Phylloscopus_schwarzi,0.1403,0.3239,1.5479,2,7
PASSERIFORMES,Phylloscopidae,Phylloscopus_sibilatrix,0.1347,0.3131,1.5944,2,13
PASSERIFORMES,Phylloscopidae,Phylloscopus_trochilus,0.1188,0.2981,1.5044,3,16
PASSERIFORMES,Phylloscopidae,Phylloscopus_xanthoschistos,0.0982,0.2773,1.5644,1,3
PASSERIFORMES,Pipridae,Manacus_aurantiacus,0.1207,0.4018,2.0575,1,2
PASSERIFORMES,Pittidae,Pitta_brachyura,0.0649,0.2090,2.5633,3,13
PASSERIFORMES,Pittidae,Pitta_nipalensis,0.0878,0.2155,2.9229,2,9
PASSERIFORMES,Platysteiridae,Batis_capensis,0.1113,0.2988,1.8989,1,2
PASSERIFORMES,Ploceidae,Amblyospiza_albifrons,0.1622,0.4785,2.3832,3,9
PASSERIFORMES,Ploceidae,Euplectes_afer,0.0448,0.3135,1.6163,1,2
PASSERIFORMES,Ploceidae,Euplectes_ardens,0.1380,0.4614,1.9379,2,7
PASSERIFORMES,Ploceidae,Euplectes_axillaris,0.1321,0.4746,1.9790,2,6
PASSERIFORMES,Ploceidae,Euplectes_capensis,0.1348,0.4527,2.0900,6,17
PASSERIFORMES,Ploceidae,Euplectes_hordeaceus,0.0879,0.3072,1.7687,1,3
PASSERIFORMES,Ploceidae,Euplectes_jacksoni,0.1017,0.4671,2.2140,2,6
PASSERIFORMES,Ploceidae,Euplectes_macroura,0.1790,0.4431,1.9561,1,2
PASSERIFORMES,Ploceidae,Euplectes_nigroventris,0.0884,0.3587,1.6691,1,3
PASSERIFORMES,Ploceidae,Euplectes_orix,0.0642,0.4300,2.0421,1,3
PASSERIFORMES,Ploceidae,Ploceus_aurantius,0.1311,0.4327,2.0567,2,4
PASSERIFORMES,Ploceidae,Ploceus_baglafecht,0.0942,0.4085,2.1922,2,4
PASSERIFORMES,Ploceidae,Ploceus_capensis,0.2084,0.5661,2.5240,4,11
PASSERIFORMES,Ploceidae,Ploceus_castanops,0.0775,0.4917,2.1765,2,4
PASSERIFORMES,Ploceidae,Ploceus_cucullatus,0.1256,0.5156,2.4296,4,8
PASSERIFORMES,Ploceidae,Ploceus_hypoxanthus,0.1032,0.3745,1.8728,8,18
PASSERIFORMES,Ploceidae,Ploceus_intermedius,0.1067,0.5299,2.2376,1,2
PASSERIFORMES,Ploceidae,Ploceus_jacksoni,0.1031,0.5355,2.1496,2,6
PASSERIFORMES,Ploceidae,Ploceus_manyar,0.1151,0.4655,2.1512,4,9
PASSERIFORMES,Ploceidae,Ploceus_melanocephalus,0.0910,0.4706,2.0246,2,5
PASSERIFORMES,Ploceidae,Ploceus_nigerrimus,0.0880,0.4562,2.2570,3,6
PASSERIFORMES,Ploceidae,Ploceus_nigricollis,0.1294,0.4483,2.1424,2,4
PASSERIFORMES,Ploceidae,Ploceus_ocularis,0.1061,0.5071,2.2210,3,6
PASSERIFORMES,Ploceidae,Ploceus_pelzelni,0.0664,0.3385,1.8155,2,4
PASSERIFORMES,Ploceidae,Ploceus_philippinus,0.0874,0.4276,2.0685,2,6
PASSERIFORMES,Ploceidae,Ploceus_rubiginosus,0.1332,0.6412,2.5920,1,2
PASSERIFORMES,Ploceidae,Ploceus_spekei,0.1481,0.4291,2.2681,2,6
PASSERIFORMES,Ploceidae,Ploceus_subaureus,0.1624,0.5332,2.2329,6,14
PASSERIFORMES,Ploceidae,Ploceus_velatus,0.1495,0.4898,2.1405,4,11
PASSERIFORMES,Ploceidae,Ploceus_xanthops,0.0812,0.5168,2.3952,2,4
PASSERIFORMES,Ploceidae,Pseudonigrita_arnaudi,0.1027,0.4063,1.9040,1,3
PASSERIFORMES,Ploceidae,Quelea_cardinalis,0.1414,0.3539,1.5858,1,2
PASSERIFORMES,Ploceidae,Sporopipes_squamifrons,0.1290,0.3590,1.5933,1,4
PASSERIFORMES,Pnoepygidae,Pnoepyga_pusilla,0.1214,0.3014,1.8694,1,3
PASSERIFORMES,Polioptilidae,Polioptila_caerulea,0.1182,0.2956,1.4368,22,89
PASSERIFORMES,Polioptilidae,Polioptila_californica,0.1398,0.3054,1.4487,4,18
PASSERIFORMES,Polioptilidae,Polioptila_melanura,0.1278,0.3025,1.3922,15,55
PASSERIFORMES,Pomatostomidae,Pomatostomus_superciliosus,0.2031,0.4649,2.4998,1,2
PASSERIFORMES,Pomatostomidae,Pomatostomus_temporalis,0.1247,0.4815,2.7207,1,3
PASSERIFORMES,Promeropidae,Promerops_cafer,0.1253,0.3911,2.3682,3,6
PASSERIFORMES,Prunellidae,Prunella_modularis,0.1670,0.3401,1.9334,7,31
PASSERIFORMES,Prunellidae,Prunella_rubeculoides,0.1545,0.3605,1.9525,1,4
PASSERIFORMES,Prunellidae,Prunella_strophiata,0.1207,0.3626,1.9272,1,5
PASSERIFORMES,Ptilogonatidae,Phainopepla_nitens,0.2210,0.4193,2.2446,42,96
PASSERIFORMES,Pycnonotidae,Alophoixus_bres,0.2745,0.4845,2.6104,1,2
PASSERIFORMES,Pycnonotidae,Hemixos_flavala,0.2226,0.4511,2.4966,3,7
PASSERIFORMES,Pycnonotidae,Hypsipetes_madagascariensis,0.2192,0.3928,2.6115,2,6
PASSERIFORMES,Pycnonotidae,Hypsipetes_virescens,0.1993,0.4581,2.6628,2,6
PASSERIFORMES,Pycnonotidae,Ixos_amaurotis,0.2523,0.3869,2.6564,1,2
PASSERIFORMES,Pycnonotidae,Ixos_philippinus,0.1724,0.3165,2.3391,1,2
PASSERIFORMES,Pycnonotidae,Pycnonotus_barbatus,0.2276,0.3787,2.2665,5,14
PASSERIFORMES,Pycnonotidae,Pycnonotus_blanfordi,0.1051,0.3922,2.2772,1,3
PASSERIFORMES,Pycnonotidae,Pycnonotus_cafer,0.2056,0.4005,2.2450,27,70
PASSERIFORMES,Pycnonotidae,Pycnonotus_capensis,0.1419,0.4487,2.3722,1,2
PASSERIFORMES,Pycnonotidae,Pycnonotus_flavescens,0.1914,0.4024,2.2770,2,6
PASSERIFORMES,Pycnonotidae,Pycnonotus_goiavier,0.1330,0.3442,2.1191,21,48
PASSERIFORMES,Pycnonotidae,Pycnonotus_jocosus,0.1441,0.3143,2.0917,2,6
PASSERIFORMES,Pycnonotidae,Pycnonotus_leucogenys,0.2627,0.4556,2.2965,1,3
PASSERIFORMES,Pycnonotidae,Pycnonotus_luteolus,0.1349,0.4236,2.2706,1,2
PASSERIFORMES,Pycnonotidae,Pycnonotus_sinensis,0.1952,0.4230,2.2677,1,3
PASSERIFORMES,Pycnonotidae,Pycnonotus_xanthorrhous,0.2251,0.4199,2.3447,3,10
PASSERIFORMES,Pycnonotidae,Spizixos_canifrons,0.2060,0.4445,2.4986,3,9
PASSERIFORMES,Regulidae,Regulus_calendula,0.1087,0.2998,1.3787,20,154
PASSERIFORMES,Regulidae,Regulus_regulus,0.1518,0.3274,1.3981,1,9
PASSERIFORMES,Regulidae,Regulus_satrapa,0.1277,0.3298,1.3693,7,53
PASSERIFORMES,Remizidae,Anthoscopus_minutus,0.0833,0.4295,1.3986,1,5
PASSERIFORMES,Remizidae,Auriparus_flaviceps,0.1049,0.3758,1.5128,27,89
PASSERIFORMES,Remizidae,Remiz_pendulinus,0.1551,0.4935,1.5784,2,11
PASSERIFORMES,Rhinocryptidae,Rhinocrypta_lanceolata,0.1155,0.2465,2.6610,1,2
PASSERIFORMES,Rhipiduridae,Rhipidura_albicollis,0.1567,0.3463,1.6415,1,3
PASSERIFORMES,Rhipiduridae,Rhipidura_albicollis1,0.1962,0.3569,1.6640,1,3
PASSERIFORMES,Rhipiduridae,Rhipidura_aureola,0.1264,0.2975,1.6036,1,3
PASSERIFORMES,Rhipiduridae,Rhipidura_fuliginosa,0.1059,0.3531,1.5461,1,3
PASSERIFORMES,Rhipiduridae,Rhipidura_javanica,0.1606,0.3567,1.8297,4,11
PASSERIFORMES,Rhipiduridae,Rhipidura_leucophrys,0.1685,0.3905,2.0471,3,8
PASSERIFORMES,Scotocercidae,Cettia_diphone,0.1109,0.3814,1.8192,1,6
PASSERIFORMES,Scotocercidae,Cettia_fortipes,0.0666,0.2170,1.5873,1,1
PASSERIFORMES,Sittidae,Sitta_canadensis,0.1420,0.3060,1.5993,5,25
PASSERIFORMES,Sittidae,Sitta_carolinensis,0.1137,0.3313,1.8403,15,94
PASSERIFORMES,Sittidae,Sitta_pusilla,0.1310,0.3097,1.6122,5,28
PASSERIFORMES,Sittidae,Sitta_pygmaea,0.1334,0.3179,1.5490,30,203
PASSERIFORMES,Struthideidae,Corcorax_melanorhamphos,0.0898,0.3080,3.5408,1,4
PASSERIFORMES,Sturnidae,Acridotheres_cristatellus,0.2244,0.5732,3.1929,1,4
PASSERIFORMES,Sturnidae,Acridotheres_fuscus,0.2213,0.4315,2.5891,2,5
PASSERIFORMES,Sturnidae,Acridotheres_tristis,0.1541,0.3115,2.7468,1,3
PASSERIFORMES,Sturnidae,Lamprotornis_chalybaeus,0.1541,0.4596,2.8966,2,6
PASSERIFORMES,Sturnidae,Lamprotornis_superbus,0.0983,0.3102,2.5467,2,7
PASSERIFORMES,Sturnidae,Spreo_bicolor,0.1873,0.4237,2.8230,3,13
PASSERIFORMES,Sturnidae,Sturnus_cineraceus,0.1871,0.3649,2.8020,3,15
PASSERIFORMES,Sturnidae,Sturnus_contra,0.2193,0.4631,2.9092,2,8
PASSERIFORMES,Sturnidae,Sturnus_roseus,0.2282,0.5707,3.2128,1,5
PASSERIFORMES,Sturnidae,Sturnus_sturninus,0.1449,0.3998,2.4219,4,25
PASSERIFORMES,Sturnidae,Sturnus_vulgaris,0.1935,0.4223,2.9421,16,80
PASSERIFORMES,Sylviidae,Chamaea_fasciata,0.1153,0.2964,1.8247,17,68
PASSERIFORMES,Sylviidae,Chrysomma_sinense,0.0832,0.2966,1.8861,1,5
PASSERIFORMES,Sylviidae,Paradoxornis_webbianus,0.1248,0.2855,1.6584,1,3
PASSERIFORMES,Sylviidae,Sylvia_althaea,0.1961,0.4278,1.8637,2,7
PASSERIFORMES,Sylviidae,Sylvia_atricapilla,0.1449,0.3712,1.9325,3,14
PASSERIFORMES,Sylviidae,Sylvia_borin,0.1655,0.3418,1.9098,5,21
PASSERIFORMES,Sylviidae,Sylvia_communis,0.1400,0.3286,1.7975,8,36
PASSERIFORMES,Sylviidae,Sylvia_hortensis,0.1104,0.2708,1.8447,1,3
PASSERIFORMES,Sylviidae,Sylvia_melanocephala,0.0743,0.3555,1.7890,1,5
PASSERIFORMES,Sylviidae,Sylvia_nisoria,0.1265,0.3308,1.9853,1,3
PASSERIFORMES,Sylviidae,Sylvia_subcaerulea,0.1507,0.3111,1.7992,1,3
PASSERIFORMES,Thamnophilidae,Sakesphorus_canadensis,0.1653,0.2563,2.1429,1,2
PASSERIFORMES,Thamnophilidae,Thamnophilus_doliatus,0.2022,0.3748,2.2018,1,2
PASSERIFORMES,Thraupidae,Coereba_flaveola,0.1328,0.3786,1.7613,1,2
PASSERIFORMES,Thraupidae,Diuca_diuca,0.1204,0.4132,2.3608,2,6
PASSERIFORMES,Thraupidae,Eucometis_penicillata,0.1299,0.3847,2.2185,1,2
PASSERIFORMES,Thraupidae,Oryzoborus_angolensis,0.0904,0.3154,1.8637,1,2
PASSERIFORMES,Thraupidae,Phrygilus_fruticeti,0.2022,0.4252,2.4872,2,5
PASSERIFORMES,Thraupidae,Phrygilus_gayi,0.1424,0.3163,2.1842,1,4
PASSERIFORMES,Thraupidae,Poospiza_melanoleuca,0.1332,0.3506,1.8217,1,3
PASSERIFORMES,Thraupidae,Ramphocelus_costaricensis,0.1915,0.4222,2.3368,10,20
PASSERIFORMES,Thraupidae,Saltator_coerulescens,0.1597,0.3859,2.6346,1,2
PASSERIFORMES,Thraupidae,Saltator_maximus,0.1346,0.4147,2.6204,4,9
PASSERIFORMES,Thraupidae,Saltator_striatipectus,0.1851,0.4113,2.4562,2,3
PASSERIFORMES,Thraupidae,Saltatricula_multicolor,0.1419,0.4349,2.1757,2,4
PASSERIFORMES,Thraupidae,Sporophila_minuta,0.1087,0.2499,1.4644,2,3
PASSERIFORMES,Thraupidae,Sporophila_torqueola,0.1132,0.2846,1.5780,1,4
PASSERIFORMES,Thraupidae,Tachyphonus_rufus,0.1185,0.3286,2.4226,1,2
PASSERIFORMES,Thraupidae,Tangara_icterocephala,0.1637,0.4005,2.1130,1,2
PASSERIFORMES,Thraupidae,Thraupis_episcopus,0.1525,0.3644,2.1935,3,5
PASSERIFORMES,Thraupidae,Thraupis_palmarum,0.1097,0.4073,2.3447,1,1
PASSERIFORMES,Thraupidae,Volatinia_jacarina,0.1331,0.3354,1.6140,4,11
PASSERIFORMES,Timaliidae,Pomatorhinus_ochraceiceps,0.1874,0.3581,2.3584,1,4
PASSERIFORMES,Timaliidae,Pomatorhinus_ruficollis,0.1953,0.3505,2.3834,1,4
PASSERIFORMES,Timaliidae,Spelaeornis_longicaudatus,0.0564,0.2857,1.8571,1,4
PASSERIFORMES,Timaliidae,Stachyris_nigriceps,0.1019,0.3265,1.9535,1,4
PASSERIFORMES,Timaliidae,Stachyris_ruficeps,0.1247,0.2918,1.8116,2,6
PASSERIFORMES,Troglodytidae,Campylorhynchus_brunneicapillus,0.1681,0.4439,2.4069,75,288
PASSERIFORMES,Troglodytidae,Campylorhynchus_jocosus,0.1378,0.3357,2.1108,2,7
PASSERIFORMES,Troglodytidae,Campylorhynchus_zonatus,0.1555,0.4501,2.3376,1,2
PASSERIFORMES,Troglodytidae,Catherpes_mexicanus,0.1257,0.3132,1.7695,15,74
PASSERIFORMES,Troglodytidae,Cistothorus_palustris,0.1255,0.3027,1.5822,71,336
PASSERIFORMES,Troglodytidae,Cistothorus_platensis,0.1620,0.3662,1.5837,4,21
PASSERIFORMES,Troglodytidae,Salpinctes_obsoletus,0.1184,0.2717,1.8772,25,126
PASSERIFORMES,Troglodytidae,Thryomanes_bewickii,0.1306,0.3151,1.6419,35,197
PASSERIFORMES,Troglodytidae,Thryothorus_ludovicianus,0.0973,0.2931,1.8964,13,59
PASSERIFORMES,Troglodytidae,Troglodytes_aedon,0.1471,0.3312,1.6352,68,429
PASSERIFORMES,Troglodytidae,Troglodytes_troglodytes,0.1524,0.3439,1.6394,17,94
PASSERIFORMES,Turdidae,Catharus_aurantiirostris,0.1950,0.3929,2.3394,7,16
PASSERIFORMES,Turdidae,Catharus_fuscescens,0.1403,0.3670,2.2671,13,50
PASSERIFORMES,Turdidae,Catharus_guttatus,0.1509,0.3589,2.2312,53,189
PASSERIFORMES,Turdidae,Catharus_minimus,0.1736,0.4360,2.3101,3,11
PASSERIFORMES,Turdidae,Catharus_ustulatus,0.1487,0.3553,2.2793,74,263
PASSERIFORMES,Turdidae,Hylocichla_mustelina,0.1433,0.3865,2.5463,29,108
PASSERIFORMES,Turdidae,Myadestes_ralloides,0.1632,0.3892,2.3909,1,2
PASSERIFORMES,Turdidae,Myadestes_townsendi,0.1348,0.3493,2.3169,20,77
PASSERIFORMES,Turdidae,Psophocichla_litsitsirupa,0.0662,0.3799,2.1663,1,2
PASSERIFORMES,Turdidae,Sialia_currucoides,0.1110,0.3141,2.1133,34,170
PASSERIFORMES,Turdidae,Sialia_mexicana,0.1102,0.3077,2.0840,29,142
PASSERIFORMES,Turdidae,Sialia_sialis,0.1006,0.2858,2.0948,28,129
PASSERIFORMES,Turdidae,Turdus_albicollis,0.2277,0.4333,2.7209,4,9
PASSERIFORMES,Turdidae,Turdus_cardis,0.2113,0.4830,2.9237,1,3
PASSERIFORMES,Turdidae,Turdus_dissimilis,0.1576,0.3568,2.6780,3,12
PASSERIFORMES,Turdidae,Turdus_falcklandii,0.1881,0.4664,3.3362,4,12
PASSERIFORMES,Turdidae,Turdus_grayi,0.1943,0.4222,2.8051,8,21
PASSERIFORMES,Turdidae,Turdus_iliacus,0.1867,0.3536,2.7118,1,4
PASSERIFORMES,Turdidae,Turdus_libonyanus,0.1372,0.3071,2.5621,5,13
PASSERIFORMES,Turdidae,Turdus_merula,0.2013,0.4230,3.0368,15,61
PASSERIFORMES,Turdidae,Turdus_migratorius,0.1706,0.4153,2.8629,187,682
PASSERIFORMES,Turdidae,Turdus_nigriceps,0.1898,0.3908,2.8382,1,3
PASSERIFORMES,Turdidae,Turdus_nudigenis,0.1802,0.3832,2.7188,1,2
PASSERIFORMES,Turdidae,Turdus_olivaceus,0.1717,0.3664,2.9353,3,7
PASSERIFORMES,Turdidae,Turdus_philomelos,0.1610,0.3278,2.6754,8,32
PASSERIFORMES,Turdidae,Turdus_pilaris,0.1920,0.3988,2.9301,2,8
PASSERIFORMES,Turdidae,Turdus_ruficollis,0.1473,0.2785,2.7071,1,5
PASSERIFORMES,Turdidae,Turdus_rufiventris,0.2043,0.4301,2.9100,1,1
PASSERIFORMES,Turdidae,Turdus_serranus,0.2255,0.3164,2.7092,1,2
PASSERIFORMES,Turdidae,Turdus_torquatus,0.1812,0.3863,2.9527,4,15
PASSERIFORMES,Turdidae,Turdus_unicolor,0.1643,0.4065,2.7919,1,4
PASSERIFORMES,Turdidae,Turdus_viscivorus,0.1740,0.4116,3.0644,8,31
PASSERIFORMES,Turdidae,Zoothera_citrina,0.2098,0.3701,2.5567,2,6
PASSERIFORMES,Turdidae,Zoothera_gurneyi,0.1787,0.2808,2.6573,1,2
PASSERIFORMES,Turdidae,Zoothera_naevia,0.1384,0.4220,2.9931,5,16
PASSERIFORMES,Turdidae,Zoothera_sibirica,0.2951,0.6100,3.2005,1,4
PASSERIFORMES,Tyrannidae,Cnemotriccus_fuscatus,0.1107,0.3137,1.7900,1,3
PASSERIFORMES,Tyrannidae,Contopus_cinereus,0.1201,0.2581,1.8212,2,5
PASSERIFORMES,Tyrannidae,Contopus_cooperi,0.1693,0.3809,2.2684,8,23
PASSERIFORMES,Tyrannidae,Contopus_pertinax,0.1792,0.3856,2.1409,2,5
PASSERIFORMES,Tyrannidae,Contopus_sordidulus,0.1639,0.3309,1.7999,44,130
PASSERIFORMES,Tyrannidae,Contopus_virens,0.1544,0.3468,1.8272,10,29
PASSERIFORMES,Tyrannidae,Elaenia_chiriquensis,0.1811,0.3541,1.8777,13,26
PASSERIFORMES,Tyrannidae,Elaenia_flavogaster,0.1449,0.3331,2.0168,3,6
PASSERIFORMES,Tyrannidae,Empidonax_difficilis,0.1217,0.2992,1.7035,39,140
PASSERIFORMES,Tyrannidae,Empidonax_flavescens,0.1039,0.2408,1.7631,1,3
PASSERIFORMES,Tyrannidae,Empidonax_flaviventris,0.1466,0.3006,1.7595,2,8
PASSERIFORMES,Tyrannidae,Empidonax_hammondii,0.1237,0.3278,1.7131,6,15
PASSERIFORMES,Tyrannidae,Empidonax_minimus,0.1600,0.3335,1.6503,6,20
PASSERIFORMES,Tyrannidae,Empidonax_oberholseri,0.1565,0.3266,1.7364,27,99
PASSERIFORMES,Tyrannidae,Empidonax_occidentalis,0.1393,0.3320,1.7754,3,11
PASSERIFORMES,Tyrannidae,Empidonax_traillii,0.1370,0.3296,1.7803,36,124
PASSERIFORMES,Tyrannidae,Empidonax_virescens,0.1636,0.3456,1.8400,13,39
PASSERIFORMES,Tyrannidae,Empidonax_wrightii,0.1294,0.2641,1.7739,1,4
PASSERIFORMES,Tyrannidae,Fluvicola_pica,0.1394,0.3815,1.7991,2,5
PASSERIFORMES,Tyrannidae,Knipolegus_signatus,0.0858,0.3479,2.1884,2,4
PASSERIFORMES,Tyrannidae,Lathrotriccus_euleri,0.2019,0.3917,1.7502,1,3
PASSERIFORMES,Tyrannidae,Legatus_leucophaius,0.1821,0.3594,2.1527,3,6
PASSERIFORMES,Tyrannidae,Lessonia_rufa,0.1253,0.3726,1.8709,3,9
PASSERIFORMES,Tyrannidae,Mionectes_oleagineus,0.0818,0.3185,1.8675,1,2
PASSERIFORMES,Tyrannidae,Muscisaxicola_maclovianus,0.1631,0.3912,2.4231,1,3
PASSERIFORMES,Tyrannidae,Myiarchus_cinerascens,0.1521,0.3680,2.2432,21,86
PASSERIFORMES,Tyrannidae,Myiarchus_crinitus,0.1357,0.3382,2.2604,18,86
PASSERIFORMES,Tyrannidae,Myiarchus_tuberculifer,0.1349,0.3091,1.8945,1,3
PASSERIFORMES,Tyrannidae,Myiarchus_tyrannulus,0.1379,0.3307,2.3035,4,19
PASSERIFORMES,Tyrannidae,Myiodynastes_luteiventris,0.1893,0.3786,2.5812,1,3
PASSERIFORMES,Tyrannidae,Myiophobus_fasciatus,0.2020,0.4001,1.7899,2,4
PASSERIFORMES,Tyrannidae,Myiozetetes_granadensis,0.1480,0.3746,2.2096,4,9
PASSERIFORMES,Tyrannidae,Myiozetetes_similis,0.1542,0.3828,2.2851,4,12
PASSERIFORMES,Tyrannidae,Pitangus_sulphuratus,0.1422,0.3407,2.8194,5,18
PASSERIFORMES,Tyrannidae,Pyrocephalus_rubinus,0.1591,0.3353,1.8055,7,21
PASSERIFORMES,Tyrannidae,Rhynchocyclus_brevirostris,0.1218,0.4263,2.1119,1,2
PASSERIFORMES,Tyrannidae,Sayornis_nigricans,0.1453,0.3365,1.9103,41,158
PASSERIFORMES,Tyrannidae,Sayornis_phoebe,0.1575,0.3240,1.9051,25,112
PASSERIFORMES,Tyrannidae,Sayornis_saya,0.1459,0.3095,1.9733,24,96
PASSERIFORMES,Tyrannidae,Todirostrum_cinereum,0.1242,0.4138,1.6265,5,12
PASSERIFORMES,Tyrannidae,Tolmomyias_sulphurescens,0.1643,0.4925,2.1031,1,2
PASSERIFORMES,Tyrannidae,Tyrannus_dominicensis,0.1643,0.4091,2.5117,3,10
PASSERIFORMES,Tyrannidae,Tyrannus_forficatus,0.1696,0.3576,2.2889,12,54
PASSERIFORMES,Tyrannidae,Tyrannus_melancholicus,0.1532,0.3991,2.3524,4,12
PASSERIFORMES,Tyrannidae,Tyrannus_tyrannus,0.1503,0.3618,2.3623,22,78
PASSERIFORMES,Tyrannidae,Tyrannus_verticalis,0.1633,0.3715,2.3431,33,131
PASSERIFORMES,Tyrannidae,Tyrannus_vociferans,0.1613,0.3654,2.3931,15,62
PASSERIFORMES,Vireonidae,Pteruthius_aenobarbus,0.1305,0.3505,1.7284,1,4
PASSERIFORMES,Vireonidae,Vireo_atricapilla,0.2187,0.4149,1.6788,1,3
PASSERIFORMES,Vireonidae,Vireo_bellii,0.1894,0.3820,1.7338,19,67
PASSERIFORMES,Vireonidae,Vireo_cassinii,0.1736,0.3927,1.9181,23,91
PASSERIFORMES,Vireonidae,Vireo_flavifrons,0.1763,0.4024,1.9014,3,11
PASSERIFORMES,Vireonidae,Vireo_flavoviridis,0.1949,0.3587,1.9788,4,9
PASSERIFORMES,Vireonidae,Vireo_gilvus,0.1630,0.3602,1.8321,24,84
PASSERIFORMES,Vireonidae,Vireo_griseus,0.1639,0.3565,1.8157,8,29
PASSERIFORMES,Vireonidae,Vireo_huttoni,0.1226,0.3778,1.8141,7,24
PASSERIFORMES,Vireonidae,Vireo_olivaceus,0.1917,0.4367,2.0757,9,32
PASSERIFORMES,Vireonidae,Vireo_philadelphicus,0.1488,0.4341,2.1936,1,4
PASSERIFORMES,Vireonidae,Vireo_plumbeus,0.1294,0.3425,1.9182,2,7
PASSERIFORMES,Vireonidae,Vireo_solitarius,0.1655,0.3919,1.9827,3,12
PASSERIFORMES,Vireonidae,Vireo_vicinior,0.1642,0.3709,1.9014,4,14
PASSERIFORMES,Zosteropidae,Zosterops_japonicus,0.1414,0.2727,1.5040,1,3
PASSERIFORMES,Zosteropidae,Zosterops_lateralis,0.1470,0.3581,1.6491,1,3
PASSERIFORMES,Zosteropidae,Zosterops_pallidus,0.1849,0.3948,1.7056,4,9
PASSERIFORMES,Zosteropidae,Zosterops_senegalensis,0.1789,0.3826,1.5623,1,2
PELECANIFORMES,Ardeidae,Ardea_cinerea,0.0753,0.4232,6.0670,4,15
PELECANIFORMES,Ardeidae,Ardea_cocoi,0.0913,0.4012,6.4086,1,3
PELECANIFORMES,Ardeidae,Ardea_herodias,0.0735,0.4251,6.5299,77,289
PELECANIFORMES,Ardeidae,Ardea_melanocephala,0.0415,0.3606,5.8085,1,3
PELECANIFORMES,Ardeidae,Ardea_purpurea,0.0875,0.3089,5.3435,1,4
PELECANIFORMES,Ardeidae,Ardeola_speciosa,0.0669,0.3192,3.6944,1,4
PELECANIFORMES,Ardeidae,Botaurus_lentiginosus,0.0769,0.3573,4.8971,19,89
PELECANIFORMES,Ardeidae,Butorides_striata,0.0385,0.3898,3.7977,3,9
PELECANIFORMES,Ardeidae,Butorides_virescens,0.0415,0.3250,3.8873,41,179
PELECANIFORMES,Ardeidae,Casmerodius_albus,0.0801,0.3676,5.1851,6,22
PELECANIFORMES,Ardeidae,Egretta_ardesiaca,0.0714,0.3683,4.1915,1,3
PELECANIFORMES,Ardeidae,Egretta_caerulea,0.0566,0.3812,4.5502,23,91
PELECANIFORMES,Ardeidae,Egretta_novaehollandiae,0.0458,0.3081,4.7203,1,4
PELECANIFORMES,Ardeidae,Egretta_rufescens,0.0647,0.3630,4.9233,11,36
PELECANIFORMES,Ardeidae,Egretta_thula,0.0587,0.3756,4.4634,15,64
PELECANIFORMES,Ardeidae,Egretta_tricolor,0.0493,0.3915,4.5538,21,72
PELECANIFORMES,Ardeidae,Ixobrychus_cinnamomeus,0.0317,0.2598,3.4134,2,7
PELECANIFORMES,Ardeidae,Ixobrychus_exilis,0.0394,0.3307,3.1788,15,67
PELECANIFORMES,Ardeidae,Ixobrychus_minutus,0.0733,0.3355,3.6788,1,6
PELECANIFORMES,Ardeidae,Ixobrychus_sinensis,0.0643,0.4167,3.2688,1,3
PELECANIFORMES,Ardeidae,Nyctanassa_violacea,0.0695,0.3739,5.1448,13,41
PELECANIFORMES,Ardeidae,Nycticorax_nycticorax,0.0980,0.4089,5.2569,49,187
PELECANIFORMES,Pelecanidae,Pelecanus_erythrorhynchos,0.1643,0.5804,8.8410,30,57
PELECANIFORMES,Pelecanidae,Pelecanus_occidentalis,0.1434,0.5699,7.9073,22,59
PELECANIFORMES,Scopidae,Scopus_umbretta,0.1085,0.3235,4.6386,1,6
PELECANIFORMES,Threskiornithidae,Bostrychia_hagedash,0.1360,0.4308,6.1837,2,6
PELECANIFORMES,Threskiornithidae,Eudocimus_albus,0.1598,0.5020,5.9553,13,39
PELECANIFORMES,Threskiornithidae,Eudocimus_ruber,0.1443,0.5071,5.7392,7,16
PELECANIFORMES,Threskiornithidae,Platalea_ajaja,0.1711,0.4946,6.2814,2,7
PELECANIFORMES,Threskiornithidae,Plegadis_chihi,0.1286,0.4294,5.1955,28,111
PELECANIFORMES,Threskiornithidae,Plegadis_falcinellus,0.1072,0.4256,5.0908,1,3
PHAETHONTIFORMES,Phaethontidae,Phaethon_aethereus,0.2451,0.4199,5.9298,6,6
PHAETHONTIFORMES,Phaethontidae,Phaethon_lepturus,0.2594,0.5206,5.7223,2,2
PHAETHONTIFORMES,Phaethontidae,Phaethon_rubricauda,0.2577,0.4486,6.7408,9,9
PHOENICOPTERIFORMES,Phoenicopteridae,Phoenicopterus_ruber,0.1712,0.5955,8.8469,5,6
PICIFORMES,Bucconidae,Nystalus_maculatus,0.0422,0.1984,2.5058,3,10
PICIFORMES,Lybiidae,Stactolaema_leucotis,0.1099,0.3326,2.3208,1,2
PICIFORMES,Lybiidae,Trachyphonus_vaillantii,0.1652,0.4034,2.7018,1,2
PICIFORMES,Lybiidae,Tricholaema_lacrymosa,0.1068,0.3922,1.9122,1,3
PICIFORMES,Picidae,Campethera_caroli,0.1301,0.3815,2.2985,1,1
PICIFORMES,Picidae,Campethera_nivosa,0.0934,0.2658,2.0985,1,2
PICIFORMES,Picidae,Colaptes_auratus,0.1289,0.3103,2.8285,88,551
PICIFORMES,Picidae,Colaptes_chrysoides,0.1239,0.3135,2.8163,9,38
PICIFORMES,Picidae,Dendrocopos_major,0.2377,0.4606,2.7200,1,5
PICIFORMES,Picidae,Dryocopus_pileatus,0.1898,0.3277,3.1930,6,22
PICIFORMES,Picidae,Jynx_torquilla,0.1130,0.3484,2.0917,1,10
PICIFORMES,Picidae,Melanerpes_aurifrons,0.1473,0.3360,2.5682,7,34
PICIFORMES,Picidae,Melanerpes_carolinus,0.1435,0.3829,2.5769,5,22
PICIFORMES,Picidae,Melanerpes_erythrocephalus,0.1092,0.3596,2.5616,9,47
PICIFORMES,Picidae,Melanerpes_formicivorus,0.0807,0.3047,2.4851,14,77
PICIFORMES,Picidae,Melanerpes_lewis,0.1136,0.3239,2.6300,5,28
PICIFORMES,Picidae,Melanerpes_uropygialis,0.1281,0.3693,2.4775,5,16
PICIFORMES,Picidae,Picoides_albolarvatus,0.1426,0.3674,2.5023,20,83
PICIFORMES,Picidae,Picoides_arcticus,0.0960,0.3338,2.4766,1,4
PICIFORMES,Picidae,Picoides_nuttallii,0.1111,0.3458,2.1624,8,35
PICIFORMES,Picidae,Picoides_pubescens,0.1258,0.2944,1.9212,24,118
PICIFORMES,Picidae,Picoides_scalaris,0.1590,0.3899,2.1111,4,16
PICIFORMES,Picidae,Picoides_tridactylus,0.1333,0.2656,2.2915,1,4
PICIFORMES,Picidae,Picoides_villosus,0.1187,0.3353,2.4228,23,84
PICIFORMES,Picidae,Picus_canus,0.2306,0.3719,2.8684,1,2
PICIFORMES,Picidae,Picus_viridis,0.2014,0.4624,3.2817,2,12
PICIFORMES,Picidae,Sphyrapicus_nuchalis,0.1209,0.3882,2.2991,2,7
PICIFORMES,Picidae,Sphyrapicus_ruber,0.1487,0.4252,2.4077,3,13
PICIFORMES,Picidae,Sphyrapicus_thyroideus,0.1153,0.3424,2.3437,12,59
PICIFORMES,Picidae,Sphyrapicus_varius,0.1166,0.3308,2.1905,3,18
PODICIPEDIFORMES,Podicipedidae,Podiceps_auritus,0.1176,0.5360,4.4575,6,28
PODICIPEDIFORMES,Podicipedidae,Podiceps_cristatus,0.0995,0.4382,5.0450,1,3
PODICIPEDIFORMES,Podicipedidae,Podiceps_grisegena,0.1229,0.5738,5.6156,11,51
PODICIPEDIFORMES,Podicipedidae,Podiceps_major,0.1080,0.5230,5.7983,1,3
PODICIPEDIFORMES,Podicipedidae,Podiceps_nigricollis,0.1063,0.4736,4.3948,25,130
PODICIPEDIFORMES,Podicipedidae,Podilymbus_podiceps,0.0985,0.4591,4.3253,29,173
PODICIPEDIFORMES,Podicipedidae,Tachybaptus_dominicus,0.0477,0.4375,3.3441,8,34
PODICIPEDIFORMES,Podicipedidae,Tachybaptus_ruficollis,0.0831,0.4704,3.7323,2,7
PROCELLARIIFORMES,Diomedeidae,Diomedea_epomophora,0.1668,0.5967,13.1383,1,1
PROCELLARIIFORMES,Diomedeidae,Diomedea_exulans,0.1925,0.6200,13.6912,4,4
PROCELLARIIFORMES,Diomedeidae,Phoebastria_albatrus,0.1359,0.5365,11.4180,2,2
PROCELLARIIFORMES,Diomedeidae,Phoebastria_immutabilis,0.1848,0.5738,10.8648,16,16
PROCELLARIIFORMES,Diomedeidae,Phoebastria_irrorata,0.1158,0.5548,10.9743,3,3
PROCELLARIIFORMES,Diomedeidae,Phoebastria_nigripes,0.1585,0.5606,11.0001,18,18
PROCELLARIIFORMES,Diomedeidae,Thalassarche_bulleri,0.0576,0.4143,9.8397,1,1
PROCELLARIIFORMES,Diomedeidae,Thalassarche_chlororhynchos,0.1497,0.5400,10.9250,3,3
PROCELLARIIFORMES,Diomedeidae,Thalassarche_chrysostoma,0.1482,0.5331,11.0909,1,1
PROCELLARIIFORMES,Diomedeidae,Thalassarche_melanophrys,0.1971,0.5908,10.3789,6,6
PROCELLARIIFORMES,Hydrobatidae,Halocyptena_microsoma,0.0934,0.3394,2.5802,6,6
PROCELLARIIFORMES,Hydrobatidae,Hydrobates_pelagicus,0.0622,0.3166,2.8192,5,5
PROCELLARIIFORMES,Hydrobatidae,Oceanodroma_furcata,0.0889,0.3236,3.2253,16,17
PROCELLARIIFORMES,Hydrobatidae,Oceanodroma_homochroa,0.0995,0.3095,2.9808,20,20
PROCELLARIIFORMES,Hydrobatidae,Oceanodroma_leucorhoa,0.0626,0.3483,3.1600,84,84
PROCELLARIIFORMES,Hydrobatidae,Oceanodroma_melania,0.1071,0.3705,3.5684,7,7
PROCELLARIIFORMES,Oceanitidae,Pelagodroma_marina,0.1011,0.3721,3.6912,5,5
PROCELLARIIFORMES,Procellariidae,Bulweria_bulwerii,0.2208,0.3937,4.0903,6,6
PROCELLARIIFORMES,Procellariidae,Calonectris_leucomelas,0.1630,0.5493,7.8550,1,1
PROCELLARIIFORMES,Procellariidae,Fulmarus_glacialis,0.1653,0.4954,7.3693,12,12
PROCELLARIIFORMES,Procellariidae,Halobaena_caerulea,0.1664,0.4037,4.8556,2,4
PROCELLARIIFORMES,Procellariidae,Macronectes_giganteus,0.1922,0.6018,10.6605,3,3
PROCELLARIIFORMES,Procellariidae,Pachyptila_turtur,0.1683,0.2908,4.4276,1,1
PROCELLARIIFORMES,Procellariidae,Pagodroma_nivea,0.0821,0.3614,5.5105,2,2
PROCELLARIIFORMES,Procellariidae,Procellaria_aequinoctialis,0.1864,0.4330,8.1064,1,1
PROCELLARIIFORMES,Procellariidae,Procellaria_cinerea,0.2448,0.5514,7.4069,1,1
PROCELLARIIFORMES,Procellariidae,Pterodroma_leucoptera,0.1382,0.3154,4.9623,5,5
PROCELLARIIFORMES,Procellariidae,Puffinus_bulleri,0.2392,0.5200,6.5290,1,1
PROCELLARIIFORMES,Procellariidae,Puffinus_carneipes,0.2988,0.5030,7.1107,2,2
PROCELLARIIFORMES,Procellariidae,Puffinus_lherminieri,0.1390,0.3881,5.0588,3,3
PROCELLARIIFORMES,Procellariidae,Puffinus_pacificus,0.2340,0.5357,6.8128,6,6
PROCELLARIIFORMES,Procellariidae,Puffinus_puffinus,0.1952,0.4854,6.1967,14,14
PROCELLARIIFORMES,Procellariidae,Puffinus_tenuirostris,0.2615,0.5602,6.9230,7,7
PSITTACIFORMES,Cacatuidae,Cacatua_sanguinea,0.2154,0.4182,4.3862,1,2
PSITTACIFORMES,Cactuidae,Calyptorhynchus_baudinii,0.2160,0.3823,4.8021,1,1
PSITTACIFORMES,Psittacidae,Forpus_conspicillatus,0.0238,0.1903,1.7541,1,4
PSITTACIFORMES,Psittacidae,Micropsitta_keiensis,0.0677,0.2736,1.6724,1,1
PSITTACIFORMES,Psittacidae,Platycercus_icterotis,0.0931,0.3882,2.8912,1,1
PSITTACIFORMES,Psittacidae,Prosopeia_tabuensis,0.0976,0.2218,3.5644,1,2
PTEROCLIDIFORMES,Pteroclidae,Pterocles_alchata,0.0285,0.4855,4.6293,1,3
PTEROCLIDIFORMES,Pteroclidae,Pterocles_namaqua,0.0355,0.4601,3.6725,3,9
PTEROCLIDIFORMES,Pteroclidae,Pterocles_orientalis,0.0413,0.4703,4.7640,1,3
RHEIFORMES,Rheidae,Rhea_americana,0.1021,0.4482,13.3388,3,3
RHEIFORMES,Rheidae,Rhea_pennata,0.0864,0.4994,13.2265,1,1
SPHENISCIFORMES,Spheniscidae,Aptenodytes_patagonicus,0.2570,0.4358,10.0247,1,1
SPHENISCIFORMES,Spheniscidae,Eudyptes_chrysocome,0.2104,0.3812,7.0078,5,5
SPHENISCIFORMES,Spheniscidae,Eudyptes_chrysolophus,0.1686,0.3439,7.2678,3,3
SPHENISCIFORMES,Spheniscidae,Eudyptes_pachyrhynchus,0.1353,0.3432,7.7740,1,1
SPHENISCIFORMES,Spheniscidae,Eudyptula_minor,0.2049,0.3615,5.5604,3,4
SPHENISCIFORMES,Spheniscidae,Pygoscelis_adeliae,0.0751,0.2754,6.7782,6,7
SPHENISCIFORMES,Spheniscidae,Pygoscelis_antarcticus,0.1043,0.4169,7.2698,1,1
SPHENISCIFORMES,Spheniscidae,Pygoscelis_papua,0.1194,0.2549,7.0469,4,5
SPHENISCIFORMES,Spheniscidae,Spheniscus_magellanicus,0.2098,0.3496,7.5064,2,2
STRIGIFORMES,Strigidae,Aegolius_acadicus,0.0631,0.1920,2.9788,2,8
STRIGIFORMES,Strigidae,Asio_flammeus,0.0661,0.2772,4.0137,7,39
STRIGIFORMES,Strigidae,Asio_otus,0.0437,0.2482,4.0689,26,115
STRIGIFORMES,Strigidae,Athene_cunicularia,0.0742,0.2322,3.1912,31,179
STRIGIFORMES,Strigidae,Bubo_africanus,0.0061,0.1712,4.9782,1,2
STRIGIFORMES,Strigidae,Bubo_bubo,0.0937,0.2717,5.8952,1,3
STRIGIFORMES,Strigidae,Bubo_scandiacus,0.0524,0.2662,5.6392,4,19
STRIGIFORMES,Strigidae,Bubo_virginianus,0.0473,0.2025,5.5256,41,100
STRIGIFORMES,Strigidae,Glaucidium_brasilianum,0.0700,0.2779,3.0396,1,4
STRIGIFORMES,Strigidae,Glaucidium_gnoma,0.0825,0.2506,3.0033,2,7
STRIGIFORMES,Strigidae,Megascops_asio,0.0442,0.1979,3.5868,34,118
STRIGIFORMES,Strigidae,Megascops_kennicottii,0.0456,0.1977,3.6565,55,171
STRIGIFORMES,Strigidae,Micrathene_whitneyi,0.0442,0.1801,2.6862,8,24
STRIGIFORMES,Strigidae,Ninox_scutulata,0.0226,0.0967,3.2015,1,1
STRIGIFORMES,Strigidae,Otus_bakkamoena,0.0388,0.1943,3.3048,1,3
STRIGIFORMES,Strigidae,Otus_brucei,0.0241,0.1502,3.1382,1,3
STRIGIFORMES,Strigidae,Otus_flammeolus,0.0323,0.2135,3.1345,1,4
STRIGIFORMES,Strigidae,Otus_scops,0.0653,0.2517,3.0175,2,6
STRIGIFORMES,Strigidae,Strix_aluco,0.0476,0.1769,4.5906,2,6
STRIGIFORMES,Strigidae,Strix_varia,0.0435,0.1942,4.8866,14,33
STRIGIFORMES,Strigidae,Strix_virgata,0.0194,0.2192,3.9256,1,2
STRIGIFORMES,Strigidae,Surnia_ulula,0.0436,0.2664,3.9818,8,34
STRIGIFORMES,Tytonidae,Phodilus_badius,0.0504,0.2105,3.5554,1,4
STRIGIFORMES,Tytonidae,Tyto_alba,0.1398,0.3118,4.2910,32,170
STRUTHIONIFORMES,Struthionidae,Struthio_camelus,0.0140,0.2431,14.4235,6,6
SULIFORMES,Anhingidae,Anhinga_anhinga,0.1696,0.5571,5.2947,5,22
SULIFORMES,Anhingidae,Anhinga_melanogaster,0.1832,0.6039,5.5863,1,4
SULIFORMES,Fregatidae,Fregata_magnificens,0.1507,0.4798,6.9727,9,9
SULIFORMES,Fregatidae,Fregata_minor,0.1777,0.5013,7.2081,4,4
SULIFORMES,Phalacrocoracidae,Phalacrocorax_aristotelis,0.1936,0.7050,6.6986,1,3
SULIFORMES,Phalacrocoracidae,Phalacrocorax_atriceps,0.2018,0.6331,6.4762,1,2
SULIFORMES,Phalacrocoracidae,Phalacrocorax_auritus,0.1725,0.6331,6.1677,41,146
SULIFORMES,Phalacrocoracidae,Phalacrocorax_brasilianus,0.1546,0.6114,5.3585,11,42
SULIFORMES,Phalacrocoracidae,Phalacrocorax_carbo,0.1687,0.6387,6.4794,5,15
SULIFORMES,Phalacrocoracidae,Phalacrocorax_magellanicus,0.1577,0.5386,5.8742,1,3
SULIFORMES,Phalacrocoracidae,Phalacrocorax_pelagicus,0.1745,0.5858,5.6796,58,180
SULIFORMES,Phalacrocoracidae,Phalacrocorax_penicillatus,0.1559,0.6063,6.1816,41,161
SULIFORMES,Phalacrocoracidae,Phalacrocorax_pygmeus,0.1027,0.4880,4.4030,1,3
SULIFORMES,Phalacrocoracidae,Phalacrocorax_urile,0.1605,0.5993,6.2445,2,8
SULIFORMES,Sulidae,Morus_bassanus,0.1636,0.6319,7.9350,10,10
SULIFORMES,Sulidae,Morus_serrator,0.1836,0.6135,7.8287,1,1
SULIFORMES,Sulidae,Sula_dactylatra,0.1086,0.4081,6.4338,2,3
SULIFORMES,Sulidae,Sula_leucogaster,0.0679,0.4700,6.0586,7,12
SULIFORMES,Sulidae,Sula_nebouxii,0.1048,0.4796,6.0528,10,23
SULIFORMES,Sulidae,Sula_sula,0.1179,0.4951,6.3122,5,5
TINAMIFORMES,Tinamidae,Crypturellus_tataupa,0.0451,0.3978,4.1332,2,10
TINAMIFORMES,Tinamidae,Eudromia_elegans,0.0418,0.3772,5.2926,3,11
TINAMIFORMES,Tinamidae,Nothoprocta_perdicaria,0.0535,0.3820,4.3292,1,3
TINAMIFORMES,Tinamidae,Rhynchotus_rufescens,0.0484,0.3543,5.5407,1,1
TROGONIFORMES,Trogonidae,Euptilotis_neoxenus,0.1472,0.2363,3.0608,1,1
TROGONIFORMES,Trogonidae,Harpactes_erythrocephalus,0.0490,0.1534,2.7930,1,3
TROGONIFORMES,Trogonidae,Trogon_elegans,0.2357,0.2825,2.8055,1,4
,,,,,,,
,_,,,,,,
